query,mean_atf,mean_delta_unconstrained,mean_j_eta,mean_ridi_unconstrained,mean_ridi_controlled,mean_utility_regret,n_nonzero_cells
CHEMBL.COMPOUND:CHEMBL1092067,0.2770348151186533,48.833333333333336,33.666666666666664,0.21517507487403428,0.16481733019143727,0.0009227034542782332,6
DRUGBANK:DB00608,0.6736151519046256,23.333333333333332,7.666666666666667,0.09961579508113365,0.03520653301858584,0.0006738022052419257,6
DRUGBANK:DB00936,0.6146387489235537,37.666666666666664,14.0,0.1875934193012245,0.07988160876432565,0.0009102450786191593,6
DrugCentral:1219,0.18555578940917286,62.833333333333336,50.5,0.24363175391932246,0.20398909235843307,0.0008750994688094495,6
DrugCentral:1402,0.45513537926328623,55.333333333333336,34.0,0.24206291295394286,0.12720032609769383,0.0009358192591725009,6
DrugCentral:1794,0.1266890106901211,79.66666666666667,68.66666666666667,0.34395948966550166,0.31125627928977767,0.0008808479651841084,6
DrugCentral:1968,0.25079847826470525,121.16666666666667,94.5,0.4340127009735615,0.3410372219730513,0.0009412463646158356,6
DrugCentral:2034,0.46989330945852686,47.333333333333336,26.0,0.2233418761236591,0.12225672497411215,0.0009275519227944197,6
DrugCentral:2240,0.19245631910105596,136.66666666666666,111.0,0.5059024767838778,0.4306461898544239,0.0009653876847835479,6
DrugCentral:2265,0.23126476987906974,61.333333333333336,48.166666666666664,0.21923256595132642,0.17326558282208163,0.0008492385939920113,6
DrugCentral:2303,0.38206821032964333,50.0,27.666666666666668,0.21771062765774027,0.14880933198750979,0.0008836639676827457,6
DrugCentral:2416,0.5256477201392455,36.5,16.5,0.1570691933243021,0.08015481947094052,0.00083559709303968,6
DrugCentral:2742,0.4462651755794996,52.833333333333336,28.833333333333332,0.23193514505152182,0.13769681105331594,0.0009455162775620923,6
DrugCentral:3569,0.20317288291812052,86.16666666666667,68.33333333333333,0.3957974011531033,0.33463494274581124,0.0009200998758096722,6
DrugCentral:4520,0.14035853977391508,147.5,125.0,0.574212266318303,0.5220761986177079,0.0009310575209652833,6
DrugCentral:616,0.38905834682655466,48.166666666666664,30.5,0.23460588769087332,0.14551237200645153,0.0009351506860700805,6
UMLS:C0000097,0.8601076445904031,18.333333333333332,3.5,0.09385366888309521,0.008607098109921805,0.0008278891136077188,6
UMLS:C0001771,0.8579439079439078,15.833333333333334,2.6666666666666665,0.0805279730758587,0.009602818892962939,0.0008977446526746767,6
UMLS:C0002697,0.939692265795207,18.5,1.5,0.08326311540574577,0.0039873751891788016,0.000803285736292327,6
UMLS:C0004754,0.8785563467811367,29.666666666666668,5.0,0.11310825796459582,0.013850971018426894,0.0008130558486961334,6
UMLS:C0006029,0.7120341883510021,23.666666666666668,5.833333333333333,0.08548819447548117,0.025270623230518114,0.0006659518749747018,6
UMLS:C0006054,0.7695415695415696,26.166666666666668,4.0,0.09213506839987738,0.021013084886985934,0.000630537382559844,6
UMLS:C0008223,0.6585834945694958,30.5,9.5,0.13264895301142623,0.04949254964891844,0.0007435134110108389,6
UMLS:C0009002,0.8138888888888888,20.833333333333332,5.5,0.0943720770560091,0.01352129739614181,0.0008341580283496628,6
UMLS:C0015180,0.9608262256431592,22.0,1.3333333333333333,0.07314849272117521,0.003324029232371909,0.00044693985288406164,6
UMLS:C0016710,0.8035323973080541,29.166666666666668,6.0,0.10657982587033264,0.021756762173611027,0.0007062155298904779,6
UMLS:C0019236,0.9379310344827586,15.833333333333334,1.5,0.070842236508503,0.0029863960410431243,0.0007445692726499683,6
UMLS:C0019927,0.8352053140096619,20.833333333333332,2.8333333333333335,0.0828460746831537,0.013232845703839627,0.0005842104226688469,6
UMLS:C0020166,0.8903752899009066,20.166666666666668,1.0,0.08550814913389782,0.011166949734776227,0.0007995372656720875,6
UMLS:C0020362,0.9505534670008354,19.333333333333332,1.6666666666666667,0.0737472190100265,0.003651732035720436,0.0008149436396556741,6
UMLS:C0025417,0.9814241486068113,11.833333333333334,0.3333333333333333,0.062143193470288176,0.000666000666000666,0.0006000719480866789,6
UMLS:C0025555,0.8157814407814409,18.333333333333332,4.5,0.06999130814530313,0.011563280109274173,0.0005997734416035597,6
UMLS:C0025732,0.8789847883597884,20.833333333333332,2.5,0.0969490149221534,0.01224046367230358,0.0008686928083729102,6
UMLS:C0026236,0.9663835030682857,23.166666666666668,1.3333333333333333,0.08456153594199374,0.002989046782057775,0.000630426088788726,6
UMLS:C0026535,0.8401239958691148,22.5,5.666666666666667,0.076544517452752,0.013509690220866422,0.0008100022972994717,6
UMLS:C0026661,0.9408200012547838,17.0,1.3333333333333333,0.07773597738648515,0.004314429146594159,0.0005983603047398153,6
UMLS:C0027608,1.0,17.166666666666668,0.0,0.0789743833487285,0.0,0.00045197676434661094,6
UMLS:C0028040,0.5911196911196911,31.333333333333332,17.5,0.1309605953079154,0.04722995021340387,0.0009285035804618207,6
UMLS:C0029904,0.7125056230319388,23.5,9.333333333333334,0.09744197350160011,0.024859714678274716,0.0007700585114611899,6
UMLS:C0030800,0.7343537414965987,26.0,6.166666666666667,0.11072786405792755,0.03261427217434477,0.0006685381095186128,6
UMLS:C0031251,0.6610636167562356,25.833333333333332,6.166666666666667,0.10142577478077221,0.038186871324805256,0.000614971764226209,6
UMLS:C0031447,0.7311377306116665,29.666666666666668,7.0,0.11685023244821006,0.033664056155359855,0.000883526814019538,6
UMLS:C0031463,0.638197659003975,27.0,12.166666666666666,0.12212367889993432,0.038477142952548574,0.0009235455445743877,6
UMLS:C0031585,0.9485780423280423,18.0,1.3333333333333333,0.07432709025325078,0.0033246899355161394,0.0005204590414420151,6
UMLS:C0031610,0.9924242424242425,15.166666666666666,0.16666666666666666,0.0655989209571415,0.000665335994677312,0.0005786280668403843,6
UMLS:C0031696,0.7547721590687136,25.833333333333332,5.5,0.09656112660536376,0.023036950816701873,0.0006639370192409142,6
UMLS:C0031953,0.7477439018792403,31.5,6.666666666666667,0.12467108201812184,0.0342406899490977,0.0009002163608136881,6
UMLS:C0032479,0.7097188656164221,29.666666666666668,8.166666666666666,0.11134848886015013,0.03373839222261942,0.0007598300857996953,6
UMLS:C0034410,0.0023383500602275342,532.3333333333334,530.3333333333334,0.9994991651638278,0.998327560572582,0.0005830758970059164,6
UMLS:C0036733,0.8993770658530384,15.833333333333334,2.1666666666666665,0.07145873836188259,0.005972135315596461,0.0006600850465427149,6
UMLS:C0037732,0.9584899749373434,17.333333333333332,1.1666666666666667,0.07064743574687225,0.0026586932376945972,0.0007346594019938019,6
UMLS:C0038329,0.9019734350616703,26.833333333333332,4.333333333333333,0.10325706090195437,0.010865630901061555,0.0006670262583057688,6
UMLS:C0038623,0.4380628630628631,32.833333333333336,15.333333333333334,0.15490476682504806,0.1024291839493534,0.0006420835526886143,6
UMLS:C0039512,0.8853174603174603,19.0,2.0,0.0863484672353403,0.010919047530444618,0.0008646666415888884,6
UMLS:C0039533,0.8377694165737645,20.0,2.5,0.07652629403026286,0.012901833428580414,0.0005718284854457008,6
UMLS:C0039542,0.8248020748020748,21.833333333333332,5.666666666666667,0.08784321106959765,0.013846451161357382,0.0007557905211128856,6
UMLS:C0041119,0.8637085137085138,18.666666666666668,2.1666666666666665,0.0708167406884298,0.010576834700863869,0.0005371872007609099,6
UMLS:C0041993,0.8543663698541747,24.0,3.5,0.11725735170333895,0.0177859447804173,0.0007514419545302203,6
UMLS:C0043031,0.6287001287001287,31.666666666666668,16.166666666666668,0.13135987312356548,0.043202831615638475,0.0009034328548923566,6
UMLS:C0044415,0.974048174048174,16.5,0.5,0.07689165646285287,0.001663672322354957,0.000611867166689825,6
UMLS:C0044802,0.9542929292929293,16.0,1.0,0.06810699017109444,0.002661343978709248,0.0005224801340025395,6
UMLS:C0047101,0.8617934353228471,26.833333333333332,5.0,0.1119465931822586,0.013525174021232657,0.0006620125725120798,6
UMLS:C0048737,0.7734980192958917,24.0,4.333333333333333,0.09273780120600195,0.022338392937060508,0.0005945215522763801,6
UMLS:C0049415,0.958650964450821,25.0,1.6666666666666667,0.08902032737591699,0.003984079554608476,0.0005771816693013939,6
UMLS:C0051165,0.7701861289203061,36.5,12.666666666666666,0.13292253260026432,0.03208122700287,0.0007554040745960535,6
UMLS:C0051809,0.8687162350320246,21.5,2.5,0.09129443050150866,0.014146748527002276,0.0007533422601216923,6
UMLS:C0051842,0.9568368623246672,20.0,1.5,0.08064938860181642,0.0033187435599311647,0.0005989673922189947,6
UMLS:C0052585,0.6716395694517091,37.0,13.5,0.17566769957474526,0.058746214785499934,0.00094303491896249,6
UMLS:C0053111,0.8344430328125981,17.166666666666668,2.1666666666666665,0.08451714700097818,0.01739028288927462,0.0005615915917443849,6
UMLS:C0053393,0.9345743258786737,16.166666666666668,1.6666666666666667,0.05629439490784549,0.003986055755138533,0.0003775065207542915,6
UMLS:C0053529,0.9253968253968253,17.166666666666668,1.8333333333333333,0.06400842389670859,0.0049784377866745845,0.0006463939434402363,6
UMLS:C0054072,0.9824561403508772,14.166666666666666,0.3333333333333333,0.07502419441248304,0.000666000666000666,0.0003327041986907506,6
UMLS:C0054106,0.8015965505699135,27.333333333333332,4.833333333333333,0.09147822956889491,0.017832306097548906,0.0006300266843942398,6
UMLS:C0054849,0.9460927960927962,22.166666666666668,1.6666666666666667,0.0777740474779897,0.0046493997396972325,0.0005755688997439186,6
UMLS:C0057090,0.94230105937423,22.0,1.8333333333333333,0.09547839405692847,0.004648741008801194,0.0007901376068383917,6
UMLS:C0057835,0.7733677141571879,27.333333333333332,5.5,0.10350760538356148,0.02495320765788457,0.0007755588808358692,6
UMLS:C0060573,0.7870310786977454,22.833333333333332,4.333333333333333,0.0989187448289286,0.020089899220492927,0.000522795990393924,6
UMLS:C0060933,0.8494966081172978,22.333333333333332,2.5,0.08493293747151387,0.013222368590367161,0.0008719890674832033,6
UMLS:C0061202,0.6552814060406772,29.166666666666668,14.166666666666666,0.1151167061163435,0.03725998226691366,0.0007364432268826187,6
UMLS:C0062602,0.9718253968253968,18.166666666666668,1.0,0.08680982407582617,0.0019913751257034837,0.0005043668545814871,6
UMLS:C0062669,0.9646545584045584,18.5,0.8333333333333334,0.08844719562069336,0.002329008317032269,0.00045149392393958854,6
UMLS:C0064322,0.8158411033411034,13.833333333333334,2.0,0.07293396830677022,0.017386324571430762,0.0005850628854746374,6
UMLS:C0064717,0.8687891737891738,21.833333333333332,2.1666666666666665,0.08416852640253225,0.011581732784107278,0.0008616182165453126,6
UMLS:C0065041,0.7179345563361957,30.833333333333332,8.5,0.12144114478945517,0.03657710832010277,0.0007836686694045559,6
UMLS:C0065081,0.6099591230026012,26.166666666666668,7.5,0.08969305254057398,0.034325272324215485,0.0009238310318253937,6
UMLS:C0065636,0.6839151228819155,22.666666666666668,4.833333333333333,0.09315078559797606,0.032125441084735716,0.0007698735572099017,6
UMLS:C0067942,1.0,13.833333333333334,0.0,0.06245701174714286,0.0,0.0006480221027036058,6
UMLS:C0068232,0.7365462019873784,24.166666666666668,5.5,0.10670756449439323,0.03130914108516723,0.0006763485025141331,6
UMLS:C0068992,0.0016691731842152964,532.5,531.1666666666666,0.999582790936488,0.998747117542099,0.0005227813279614966,6
UMLS:C0069809,0.8859970438917807,21.833333333333332,2.6666666666666665,0.0892662558055331,0.010589946745762434,0.0005835276750854445,6
UMLS:C0070760,1.0,15.666666666666666,0.0,0.07569078818017579,0.0,0.00038830269464762396,6
UMLS:C0071687,0.9940476190476191,17.5,0.16666666666666666,0.07596247459056832,0.000665335994677312,0.0005435136716585718,6
UMLS:C0071710,0.9574796350602802,20.833333333333332,1.1666666666666667,0.10044204459630844,0.003324029232371909,0.0006453553491089017,6
UMLS:C0072184,0.9944444444444445,15.166666666666666,0.16666666666666666,0.056590791280833386,0.000333000333000333,0.0004114826823841165,6
UMLS:C0072494,0.9607246376811593,21.833333333333332,1.6666666666666667,0.08862402496542619,0.0033062411655077665,0.0005639263535777779,6
UMLS:C0072657,0.8863095238095239,18.0,1.8333333333333333,0.07541374178550357,0.00992137982646782,0.0004962814684580387,6
UMLS:C0073002,1.0,14.166666666666666,0.0,0.06128855934662094,0.0,0.00037837396816036757,6
UMLS:C0073384,0.8315544608648057,27.0,6.5,0.10109821452654655,0.01676588468840037,0.0005393910808627422,6
UMLS:C0073647,0.9795548654244306,19.833333333333332,0.8333333333333334,0.07795582454504983,0.0016610215813403063,0.00044715958764259835,6
UMLS:C0073898,0.8983901087316647,19.833333333333332,2.8333333333333335,0.08525846862029669,0.007616035512426022,0.000714985183023651,6
UMLS:C0074460,0.9550189198486412,23.166666666666668,1.8333333333333333,0.07587147176075254,0.004310470781580675,0.0006195560075872154,6
UMLS:C0074500,0.806298324902976,21.0,5.833333333333333,0.08052616180441434,0.01450063721993256,0.0006704370795131612,6
UMLS:C0074727,0.7892157882966706,22.0,3.8333333333333335,0.09249644984679273,0.021680957972182325,0.000643298572219758,6
UMLS:C0075630,0.8274191086691087,24.833333333333332,4.5,0.09956645273480395,0.01751040883502197,0.0006087763625681556,6
UMLS:C0075870,0.8534475603210138,26.166666666666668,4.166666666666667,0.11012095144438246,0.01652458865315661,0.0007731798600134655,6
UMLS:C0076741,0.9051263252876156,15.166666666666666,2.0,0.05471034660978011,0.005641123040337245,0.0006089541474186049,6
UMLS:C0078792,0.7807382133995038,21.0,3.0,0.08370526142860484,0.01970080308446313,0.000658354130900599,6
UMLS:C0090532,0.7827199061442759,29.833333333333332,7.0,0.09653353739906045,0.022028862131967548,0.0006474285991366044,6
UMLS:C0099122,0.8613725686517949,20.833333333333332,2.1666666666666665,0.08052488120378364,0.011910110127940401,0.0006019233033880237,6
UMLS:C0106751,0.8791261420571765,19.833333333333332,2.8333333333333335,0.08228823072521825,0.010258934470503217,0.0007633081109945421,6
UMLS:C0108454,0.7222752737458621,16.833333333333332,3.1666666666666665,0.08099441066871566,0.02505991426587841,0.0006866622794560956,6
UMLS:C0109265,0.8101851851851852,18.5,5.0,0.07643836184557465,0.012871642680973855,0.0006067607108622676,6
UMLS:C0117080,0.8214649470899471,27.333333333333332,4.5,0.10496946593496324,0.020083372504774953,0.0007880215786617786,6
UMLS:C0117428,0.8298820141211446,21.0,3.8333333333333335,0.09325958251953903,0.015867808498164975,0.0005491794698561078,6
UMLS:C0118642,0.9550035353840108,20.5,1.1666666666666667,0.08495272635836865,0.003323366549098376,0.0005409722312943102,6
UMLS:C0119053,0.9838206627680313,23.166666666666668,0.6666666666666666,0.0851720972415873,0.001330671989354624,0.0006186995399430574,6
UMLS:C0138404,0.7515711035520279,28.666666666666668,7.166666666666667,0.0968933508842016,0.025005119816644213,0.0006884816894305828,6
UMLS:C0142690,0.9778503994190269,16.5,0.5,0.0788709635305206,0.001331336660677978,0.0005401142913728235,6
UMLS:C0143993,0.8586693425773886,17.833333333333332,2.1666666666666665,0.07610227313939703,0.011250059805703835,0.0007831494380917101,6
UMLS:C0145993,0.8278174436831951,20.0,2.0,0.0909145949485779,0.02022677906141315,0.0005690211229423117,6
UMLS:C0175163,0.8754568713450293,17.5,3.3333333333333335,0.06321653970939968,0.00794639686775077,0.0005417541102380991,6
UMLS:C0205704,0.8050211005608308,21.666666666666668,4.0,0.10594931108230377,0.022984089751943867,0.0006751290689982319,6
UMLS:C0207682,0.8537808641975309,20.0,2.1666666666666665,0.09816378678292399,0.019899064400853563,0.0007771066010120552,6
UMLS:C0207932,0.9522381204734146,17.666666666666668,1.1666666666666667,0.07842862065955818,0.0029930169571126936,0.0006357323365989183,6
UMLS:C0208078,0.852980352980353,19.666666666666668,2.1666666666666665,0.07454370340016787,0.011249401074807796,0.0004534518474661484,6
UMLS:C0213314,0.9323147612621296,17.833333333333332,1.8333333333333333,0.0647143007499202,0.004648741008801194,0.0005076796405138952,6
UMLS:C0215136,0.768070652173913,22.166666666666668,7.0,0.09368076269905311,0.020004158103645295,0.0008505346457131567,6
UMLS:C0218003,0.9531906915583498,20.0,1.5,0.06903035321566213,0.003654382776735087,0.000725098060096651,6
UMLS:C0220841,0.8793650793650793,16.666666666666668,2.6666666666666665,0.07241724720637306,0.007619970257122311,0.0004965710060142115,6
UMLS:C0242893,0.9055555555555556,16.0,2.1666666666666665,0.07117221751368093,0.005310106828423588,0.0007271684067493215,6
UMLS:C0246012,0.7821067821067821,24.333333333333332,5.0,0.10526893848104539,0.02430677869343131,0.0007559427017846468,6
UMLS:C0256956,0.8129310344827587,21.333333333333332,3.3333333333333335,0.0795241564495225,0.014552291538426222,0.000835596087291372,6
UMLS:C0258114,0.980952380952381,16.0,0.5,0.0674629671334221,0.001330671989354624,0.0006109528182344286,6
UMLS:C0282564,0.8509920634920635,17.5,3.6666666666666665,0.07367283511509497,0.009596190400145222,0.0007059807870584455,6
UMLS:C0289754,0.9380787037037037,16.666666666666668,1.5,0.06069286515675954,0.0036557022107753553,0.0005687655325156517,6
UMLS:C0302232,0.936017706302794,19.166666666666668,1.8333333333333333,0.07825787314370543,0.004317068030397748,0.0004462715312526417,6
UMLS:C0302950,0.6983605953433539,25.666666666666668,6.5,0.0942752626752938,0.02952348763359741,0.0007406795329088479,6
UMLS:C0304069,0.6439176245210728,32.5,14.833333333333334,0.10898767886057238,0.041278198822965684,0.0008725859446640311,6
UMLS:C0352536,0.9580723058649028,19.333333333333332,1.1666666666666667,0.0791596564289322,0.0029916935706949302,0.0009215519295368663,6
UMLS:C0358490,0.7608715060327964,23.5,4.5,0.10209409310284694,0.02810264107515739,0.000861248062813282,6
UMLS:C0360542,0.7470538720538721,28.166666666666668,7.0,0.1289453916451034,0.03522775240799724,0.0008629763004351761,6
UMLS:C0368612,0.9018861809696656,15.666666666666666,2.1666666666666665,0.0575184101868911,0.006301173362573812,0.00038197457978133236,6
UMLS:C0370214,0.7446000943732015,35.666666666666664,11.333333333333334,0.12252362370652037,0.033630692434269506,0.000673283123009618,6
UMLS:C0376211,0.8991792929292929,25.666666666666668,4.333333333333333,0.0865108945447352,0.010230187550209487,0.0006373231920808428,6
UMLS:C0384965,0.8930799220272906,16.5,0.6666666666666666,0.06689203490443413,0.007931332055361225,0.0004625095221414965,6
UMLS:C0392143,0.8961940836940837,16.5,1.5,0.0815947873066195,0.00926001400684543,0.0009145346750915155,6
UMLS:C0443442,0.600288160349136,29.0,9.833333333333334,0.12530438953079184,0.05497059546323727,0.0006425504879791004,6
UMLS:C0525921,0.9161089661089661,23.333333333333332,2.6666666666666665,0.0955145989346131,0.007289616712759133,0.000647897996464182,6
UMLS:C0543473,0.6501941839537747,14.666666666666666,5.5,0.06826236499626168,0.023362747813896106,0.0005889506377033585,6
UMLS:C0546875,0.5896990740740741,25.0,9.833333333333334,0.10515909723544516,0.045191521104323194,0.0006939120733960996,6
UMLS:C0581779,0.9139874657265962,22.666666666666668,3.0,0.0808868547205897,0.007289616712759133,0.00047476513796559217,6
UMLS:C0591048,0.9888278388278389,18.166666666666668,0.3333333333333333,0.08031073165941041,0.000666000666000666,0.0005124530612449123,6
UMLS:C0591132,0.7448629355956943,28.166666666666668,7.833333333333333,0.11551862024921063,0.029859489510803843,0.0008522856200915591,6
UMLS:C0595265,0.8743252361673415,18.166666666666668,2.6666666666666665,0.07623396962993294,0.009930545363563961,0.0007624879155773318,6
UMLS:C0595724,0.8958874458874458,12.666666666666666,1.8333333333333333,0.04779741987583753,0.004981072718100678,0.00037083845957044687,6
UMLS:C0596087,0.688041734916735,28.333333333333332,12.833333333333334,0.10102646204863326,0.03378570509806004,0.0007289668727626805,6
UMLS:C0596973,0.806201967966674,21.0,6.333333333333333,0.08497146888868247,0.014474195140578287,0.0006993760014002718,6
UMLS:C0652461,0.8975856490426111,25.166666666666668,5.0,0.09735205943102504,0.010483344598936238,0.0006614332011748383,6
UMLS:C0663332,0.730907409397112,24.0,5.333333333333333,0.09806183488158905,0.029109867165031444,0.0007815236443919223,6
UMLS:C0677667,0.49229380626401137,62.666666666666664,31.833333333333332,0.2883847195953147,0.1636856940186762,0.0009506402127738832,6
UMLS:C0699319,0.7970735904875691,21.333333333333332,2.6666666666666665,0.0882671142931017,0.01969096901777107,0.0006301046866705222,6
UMLS:C0700674,0.916593192950563,25.5,3.1666666666666665,0.09607814461160509,0.0079496670349957,0.0008113019747245145,6
UMLS:C0701218,0.6771589191232049,24.166666666666668,6.0,0.10573337166548112,0.03915714258553623,0.0006112197433329265,6
UMLS:C0701975,0.829076367389061,15.0,2.3333333333333335,0.06741902083938169,0.01224046367230358,0.0006060974796639034,6
UMLS:C0720318,0.7909982174688057,13.166666666666666,1.6666666666666667,0.050315970575432856,0.010256362276781956,0.0005457741002169936,6
UMLS:C0813971,0.718871934225195,21.0,8.333333333333334,0.08717309933045374,0.02164257491412393,0.0007459288180649208,6
UMLS:C0871534,0.9878426171529621,16.0,0.3333333333333333,0.06227015895243032,0.000666000666000666,0.00034291305992950973,6
UMLS:C0871903,0.8321338383838385,20.333333333333332,5.166666666666667,0.08259449814579668,0.01220515068538546,0.000580919951095605,6
UMLS:C0877863,0.8587080391428218,18.833333333333332,2.0,0.07315061206242314,0.010586715821145135,0.0006376365068859484,6
UMLS:C0936072,0.7583960257291146,30.333333333333332,8.166666666666666,0.11631642514397811,0.028547435826217823,0.0008391284225502424,6
UMLS:C0936269,0.9183660130718954,16.333333333333332,2.0,0.055149867743406265,0.0049784377866745845,0.0005186954110043242,6
UMLS:C0939537,0.758061383061383,27.0,9.166666666666666,0.11170972547197185,0.02389444487413513,0.0007798101480787199,6
UMLS:C0950893,0.9940476190476191,13.166666666666666,0.16666666666666666,0.05628015911117042,0.000665335994677312,0.00039150415647062653,6
UMLS:C0969232,0.9284745447788926,14.833333333333334,1.5,0.06215610790924766,0.0039873751891788016,0.0005327200413295912,6
UMLS:C0974718,0.8418714767398977,27.333333333333332,4.0,0.11107431256587026,0.018771125712281133,0.0007764159457287097,6
UMLS:C0982374,0.9557608100711549,19.666666666666668,1.1666666666666667,0.08491332831894033,0.003323366549098376,0.0007167325472975067,6
UMLS:C1095890,0.9844202898550725,11.5,0.3333333333333333,0.043986351747108625,0.000666000666000666,0.0004827399828724438,6
UMLS:C1121991,0.7523459543964005,23.666666666666668,5.5,0.09108787634584149,0.02336145176665426,0.0006097837732263028,6
UMLS:C1135768,0.8453813497291759,19.333333333333332,3.0,0.09085688275732538,0.013892896026076197,0.0008585562419938129,6
UMLS:C1259477,0.8660353535353535,15.5,0.8333333333333334,0.06630066005412039,0.008264332388361557,0.0005474921765327474,6
UMLS:C1319272,0.8497070048420096,30.333333333333332,6.666666666666667,0.11597789827607442,0.017096805064191797,0.0008870075953819534,6
UMLS:C1337344,0.3896152703505645,22.833333333333332,13.166666666666666,0.11889364619214611,0.07886566785143097,0.000685475494079196,6
UMLS:C1440152,0.7650462962962963,25.0,6.333333333333333,0.10558602189764822,0.025319469053521892,0.0007630935071908739,6
UMLS:C1510809,0.7469182240523704,22.333333333333332,7.0,0.09575492817912469,0.022721944950917783,0.0008083008530033379,6
UMLS:C1511939,0.8420836656034024,21.333333333333332,3.0,0.08720135927639193,0.014871522965933278,0.0008261587748790689,6
UMLS:C1517938,0.7731632552363598,22.333333333333332,4.333333333333333,0.0942963031182153,0.023321605541548343,0.0006565926920495448,6
UMLS:C1567931,0.8452059156647915,32.5,6.0,0.12586800475004348,0.020421418911126605,0.0009195406891423788,6
UMLS:C1570187,0.7641901896836107,22.0,4.0,0.10559282422110654,0.031130467128880346,0.0007823119249210914,6
UMLS:C1618765,0.7707952213271362,26.666666666666668,4.5,0.09790617942244577,0.023651302319421735,0.000597968786034234,6
UMLS:C1667052,0.8073794261294261,22.666666666666668,4.666666666666667,0.0992658771050149,0.018816175453036408,0.0007797753191385626,6
UMLS:C2605855,0.947326526130874,17.166666666666668,1.1666666666666667,0.06871958367113777,0.003654378824357592,0.0005126640089483579,6
UMLS:C2830138,0.8625451671183378,26.833333333333332,4.666666666666667,0.10207715019629836,0.014518387416169875,0.0005980313461562669,6
UMLS:C2930749,0.9698028673835125,15.0,0.6666666666666666,0.05501181171317413,0.001996007984031936,0.0004532164574745222,6
UMLS:C3179535,0.5276857294299154,59.166666666666664,31.166666666666668,0.2676020276703282,0.14381552789854138,0.000948617795605117,6
UMLS:C3490087,0.9816925351071694,20.166666666666668,0.5,0.07402624355967333,0.001663672322354957,0.0005315481242843819,6
UMLS:C3884966,0.8291528586356173,28.0,5.0,0.10169031005396804,0.01781421860975722,0.0007124617317498955,6
UMLS:C4271578,0.5782242063492063,29.5,12.333333333333334,0.11715998961957565,0.05153249108381199,0.0009132154060288515,6
UMLS:C4550368,0.5262964314948785,32.5,14.833333333333334,0.11215435549166593,0.05472970904628747,0.000580742790629129,6
UMLS:C5142959,0.8197007670691882,22.0,2.6666666666666665,0.09703294288307453,0.020893426585297165,0.0008639411955766851,6
UMLS:C5227006,0.7763943843735343,28.166666666666668,6.5,0.10681020241571158,0.025287486193189934,0.0007775170104732935,6
