original_name,rxcui,rxnorm_name,tty,ingredient_rxcui,ingredient_name,atc_rxclass_level4,atc_chembl_level5,chembl_id,drugbank_id,degree,pair_share_pct,resolution_status,notes
acyclovir,281,acyclovir,IN,281,acyclovir,D06BB;J05AB;S01AD,J05AB01;S01AD03;D06BB53;D06BB03,CHEMBL184,DB00787,8,0.97,resolved_exact,
alfuzosin,17300,alfuzosin,IN,17300,alfuzosin,G04CA,G04CA01,CHEMBL709,DB00346,5,0.6,resolved_exact,
allopurinol,519,allopurinol,IN,519,allopurinol,M04AA,M04AA01;M04AA51,CHEMBL1467,DB00437,10,1.21,resolved_exact,
alprazolam,596,alprazolam,IN,596,alprazolam,N05BA,N05BA12,CHEMBL661,DB00404,4,0.48,resolved_exact,
amitriptyline,704,amitriptyline,IN,704,amitriptyline,N06AA,N06AA09,CHEMBL629,DB00321,2,0.24,resolved_exact,
amlodipine,17767,amlodipine,IN,17767,amlodipine,C08CA;C09BB;C09DB;C09DX;C09XA;C10BX,C08CA01,CHEMBL1491,DB00381,2,0.24,resolved_exact,
amoxicillin,723,amoxicillin,IN,723,amoxicillin,A02BD;J01CA,J01CA04,CHEMBL1082,DB01060,16,1.93,resolved_exact,
aspirin,1191,aspirin,IN,1191,aspirin,A01AD;B01AC;N02AJ;N02BA,B01AC06;N02BA01;N02BA51;A01AD05;N02BA71,CHEMBL25,DB00945,4,0.48,resolved_exact,
atenolol,1202,atenolol,IN,1202,atenolol,C07AB;C07FB,C07AB03,CHEMBL24,DB00335,77,9.31,resolved_exact,
atomoxetine,38400,atomoxetine,IN,38400,atomoxetine,N06BA,N06BA09,CHEMBL641,DB00289,6,0.73,resolved_exact,
atorvastatin,83367,atorvastatin,IN,83367,atorvastatin,C10AA;C10BA;C10BX,C10AA05,CHEMBL1487,DB01076,3,0.36,resolved_exact,
azithromycin,18631,azithromycin,IN,18631,azithromycin,J01FA;S01AA,J01FA10;S01AA26,CHEMBL529,DB00207,6,0.73,resolved_exact,
baclofen,1292,baclofen,IN,1292,baclofen,M03BX,M03BX01,CHEMBL701,DB00181,5,0.6,resolved_exact,
benztropine,1424,benztropine,IN,1424,benztropine,N04AC,N04AC01,CHEMBL1201203,DB00245,4,0.48,resolved_exact,
bisoprolol,19484,bisoprolol,IN,19484,bisoprolol,C07AB,C07AB07,CHEMBL645,DB00612,6,0.73,resolved_exact,
buprenorphine,1819,buprenorphine,IN,1819,buprenorphine,N02AE;N07BC,N07BC01;N07BC51;N02AE01,CHEMBL511142,,3,0.36,resolved_exact,no DrugBank ID via UniChem (ChEMBL-DrugBank cross-reference absent in UniChem despite DrugBank listing)
carvedilol,20352,carvedilol,IN,20352,carvedilol,C07AG,C07AG02,CHEMBL723,DB01136,3,0.36,resolved_exact,
cefdinir,25037,cefdinir,IN,25037,cefdinir,J01DD,J01DD15,CHEMBL927,DB00535,12,1.45,resolved_exact,
cefuroxime,2194,cefuroxime,IN,2194,cefuroxime,J01DC;S01AA,J01DC02;S01AA27,CHEMBL1436,DB01112,11,1.33,resolved_exact,
celecoxib,140587,celecoxib,IN,140587,celecoxib,C08CA;L01XX;M01AH;N02AJ,M01AH01;L01XX33,CHEMBL118,DB00482,3,0.36,resolved_exact,
cephalexin,2231,cephalexin,IN,2231,cephalexin,J01DB,J01DB01,CHEMBL1200544,,8,0.97,resolved_exact,no DrugBank ID via UniChem (ChEMBL-DrugBank cross-reference absent in UniChem despite DrugBank listing)
chlorhexidine,2358,chlorhexidine,IN,2358,chlorhexidine,A01AB;B05CA;D08AC;D09AA;R02AA;S01AX;S02AA;S03AA,D08AC02;D09AA12;S01AX09;B05CA02;D08AC52;A01AB03;R02AA05;S02AA09;S03AA04,CHEMBL790,DB00878,4,0.48,resolved_exact,
chlorpheniramine,2400,chlorpheniramine,IN,2400,chlorpheniramine,R06AB,R06AB54;R06AB04,CHEMBL505,DB01114,26,3.14,resolved_exact,
cinacalcet,407990,cinacalcet,IN,407990,cinacalcet,H05BX,H05BX01,CHEMBL1201284,DB01012,5,0.6,resolved_exact,
ciprofloxacin,2551,ciprofloxacin,IN,2551,ciprofloxacin,J01MA;S01AE;S02AA;S03AA,J01MA02;S03AA07;S01AE03;S02AA15,CHEMBL8,DB00537,3,0.36,resolved_exact,
citalopram,2556,citalopram,IN,2556,citalopram,N06AB,N06AB04,CHEMBL549,DB00215,47,5.68,resolved_exact,
clarithromycin,21212,clarithromycin,IN,21212,clarithromycin,J01FA,J01FA09,CHEMBL1741,DB01211,3,0.36,resolved_exact,
clindamycin,2582,clindamycin,IN,2582,clindamycin,D10AF;G01AA;J01FF,G01AA10;D10AF01;J01FF01,CHEMBL1753,DB01190,5,0.6,resolved_exact,
clonazepam,2598,clonazepam,IN,2598,clonazepam,N03AE,N03AE01,CHEMBL452,DB01068,1,0.12,resolved_exact,
clopidogrel,32968,clopidogrel,IN,32968,clopidogrel,B01AC,B01AC04,CHEMBL1771,DB00758,5,0.6,resolved_exact,
clotrimazole,2623,clotrimazole,IN,2623,clotrimazole,A01AB;D01AC;G01AF,A01AB18;G01AF02;D01AC01,CHEMBL104,DB00257,3,0.36,resolved_exact,
clozapine,2626,clozapine,IN,2626,clozapine,N05AH,N05AH02,CHEMBL42,DB00363,3,0.36,resolved_exact,
colchicine,2683,colchicine,IN,2683,colchicine,M04AC,M04AC01,CHEMBL107,DB01394,5,0.6,resolved_exact,
conjugated estrogens,4099,"estrogens, conjugated (USP)",IN,4099,"estrogens, conjugated (USP)",G03CA;G03CC,G03CA57,CHEMBL1201649,,32,3.87,multi_ingredient,"IN 4099 'estrogens, conjugated (USP)' is a defined mixture of conjugated equine estrogens, not a single molecular entity; no InChIKey, no DrugBank cross-reference; no DrugBank ID via UniChem (structure-keyed lookup not applicable: molecule type Unknown)"
cyclosporine,3008,cyclosporine,IN,3008,cyclosporine,L04AD;S01XA,S01XA18;L04AD01,CHEMBL160,DB00091,1,0.12,resolved_exact,
dalteparin,67109,dalteparin,IN,67109,dalteparin,B01AB,B01AB04,CHEMBL1201460,,82,9.92,resolved_exact,no DrugBank ID via UniChem (structure-keyed lookup not applicable: molecule type Oligosaccharide)
dextromethorph,3289,dextromethorphan,IN,3289,dextromethorphan,N06AX;R05DA,N07XX59;R05DA09,CHEMBL52440,DB00514,47,5.68,truncated_resolved_by_fuzzy,"exact lookup fails; normalized lookup returns 4 concepts (PIN 236146 polistirex, PIN 259262 tannate, PIN 267251 hydrochloride, IN 3289 base); ingredient taken as IN 3289"
diazepam,3322,diazepam,IN,3322,diazepam,N05BA,N05BA01,CHEMBL12,DB00829,4,0.48,resolved_exact,
diclofenac,3355,diclofenac,IN,3355,diclofenac,D11AX;M01AB;M02AA;S01BC,M01AB55;S01BC03;D11AX18;M01AB05;M02AA15,CHEMBL139,DB00586,2,0.24,resolved_exact,
dicyclomine,3361,dicyclomine,IN,3361,dicyclomine,A03AA,A03AA07,CHEMBL1123,DB00804,7,0.85,resolved_exact,
diphenhydramine,3498,diphenhydramine,IN,3498,diphenhydramine,D04AA;M01AE;R06AA,D04AA32;R06AA52;R06AA02,CHEMBL657,DB01075,4,0.48,resolved_exact,
donepezil,135447,donepezil,IN,135447,donepezil,N06DA,N06DA02,CHEMBL502,DB00843,5,0.6,resolved_exact,
doxazosin,49276,doxazosin,IN,49276,doxazosin,C02CA,C02CA04,CHEMBL707,DB00590,4,0.48,resolved_exact,
doxycycline,3640,doxycycline,IN,3640,doxycycline,A01AB;J01AA,A01AB22;J01AA02,CHEMBL1200699,,4,0.48,resolved_exact,no DrugBank ID via UniChem (ChEMBL-DrugBank cross-reference absent in UniChem despite DrugBank listing)
dutasteride,228790,dutasteride,IN,228790,dutasteride,G04CA;G04CB,G04CB02,CHEMBL1200969,DB01126,10,1.21,resolved_exact,
eletriptan,231049,eletriptan,IN,231049,eletriptan,N02CC,N02CC06,CHEMBL1510,DB00216,4,0.48,resolved_exact,
emtricitabine,276237,emtricitabine,IN,276237,emtricitabine,J05AF;J05AR,J05AF09,CHEMBL885,DB00879,4,0.48,resolved_exact,
enalapril,3827,enalapril,IN,3827,enalapril,C09AA,C09AA02,CHEMBL578,DB00584,6,0.73,resolved_exact,
entacapone,60307,entacapone,IN,60307,entacapone,N04BX,N04BX02,CHEMBL953,DB00494,5,0.6,resolved_exact,
ezetimibe,341248,ezetimibe,IN,341248,ezetimibe,C10AX;C10BA,C10AX09,CHEMBL1138,DB00973,5,0.6,resolved_exact,
famotidine,4278,famotidine,IN,4278,famotidine,A02BA,A02BA03;A02BA53,CHEMBL902,DB00927,10,1.21,resolved_exact,
fenofibrate,8703,fenofibrate,IN,8703,fenofibrate,C10AB;C10BA,C10AB05,CHEMBL672,DB01039,5,0.6,resolved_exact,
fentanyl,4337,fentanyl,IN,4337,fentanyl,N01AH;N02AB,N02AB03;N01AH01;N01AH51,CHEMBL596,DB00813,3,0.36,resolved_exact,
finasteride,25025,finasteride,IN,25025,finasteride,D11AX;G04CB,G04CB01;D11AX10,CHEMBL710,DB01216,7,0.85,resolved_exact,
fluconazole,4450,fluconazole,IN,4450,fluconazole,D01AC;J02AC,J02AC01;D01AC15,CHEMBL106,DB00196,6,0.73,resolved_exact,
fluoxetine,4493,fluoxetine,IN,4493,fluoxetine,N06AB,N06AB03,CHEMBL41,DB00472,2,0.24,resolved_exact,
fluvoxamine,42355,fluvoxamine,IN,42355,fluvoxamine,N06AB,N06AB08,CHEMBL814,DB00176,2,0.24,resolved_exact,
furosemide,4603,furosemide,IN,4603,furosemide,C03CA;C03CB,C03CA01,CHEMBL35,DB00695,5,0.6,resolved_exact,
gabapentin,25480,gabapentin,IN,25480,gabapentin,N02BF,N02BF01,CHEMBL940,DB00996,7,0.85,resolved_exact,
gemfibrozil,4719,gemfibrozil,IN,4719,gemfibrozil,C10AB,C10AB04,CHEMBL457,DB01241,3,0.36,resolved_exact,
glimepiride,25789,glimepiride,IN,25789,glimepiride,A10BB;A10BD,A10BB12,CHEMBL1481,DB00222,5,0.6,resolved_exact,
glipizide,4821,glipizide,IN,4821,glipizide,A10BB,A10BB07,CHEMBL1073,DB01067,6,0.73,resolved_exact,
glyceryl trini.,,,,4917,nitroglycerin,C01DA;C05AE,C01DA52;C05AE01;C01DA02,CHEMBL730,DB00727,6,0.73,unresolvable,"no RxNorm concept via exact (search=0) or normalized (search=2) lookup; intended concept is nitroglycerin (IN 4917; INN glyceryl trinitrate); string truncated at 15 chars. Approximate match returns 'glyceryl' (RxCUI 2531034), a different entity; ATC assigned manually (no RxClass mapping available)"
granisetron,26237,granisetron,IN,26237,granisetron,A04AA,A04AA02,CHEMBL289469,,7,0.85,resolved_exact,no DrugBank ID via UniChem (ChEMBL-DrugBank cross-reference absent in UniChem despite DrugBank listing)
haloperidol,5093,haloperidol,IN,5093,haloperidol,N05AD,N05AD01,CHEMBL54,DB00502,3,0.36,resolved_exact,
heparin,5224,heparin,IN,5224,heparin,B01AB;C05BA;S01XA,S01XA14;B01AB01;C05BA03,CHEMBL4650299,,63,7.62,resolved_exact,"normalized lookup returns PIN 235473 (heparin, porcine) and IN 5224 (heparin); ingredient taken as IN 5224; no DrugBank ID via UniChem (structure-keyed lookup not applicable: molecule type Oligosaccharide)"
humalog,135805,Humalog,BN,86009,insulin lispro,A10AB;A10AC;A10AD,A10AB04;A10AC04,CHEMBL1201538,,8,0.97,brand_level,RxNorm BN 135805; ingredient-level concept is IN 86009 insulin lispro; no DrugBank ID via UniChem (structure-keyed lookup not applicable: molecule type Protein)
hydralazine,5470,hydralazine,IN,5470,hydralazine,C02DB,C02DB02,CHEMBL276832,DB01275,4,0.48,resolved_exact,
hydrochlorothiazide,5487,hydrochlorothiazide,IN,5487,hydrochlorothiazide,C03AA;C09DX;C09XA,C03AX01;C03AA03,CHEMBL435,DB00999,9,1.09,resolved_exact,
hydrocodone,5489,hydrocodone,IN,5489,hydrocodone,N02AJ;R05DA,R05DA03,CHEMBL1457,DB00956,50,6.05,resolved_exact,
hydroxychloroquine,5521,hydroxychloroquine,IN,5521,hydroxychloroquine,P01BA,P01BA02,CHEMBL1535,DB01611,5,0.6,resolved_exact,
ibuprofen,5640,ibuprofen,IN,5640,ibuprofen,C01EB;G02CC;M01AE;M02AA;N02AJ;R02AX,G02CC01;M01AE51;M02AA13;R02AX02;C01EB16;M01AE01,CHEMBL521,DB01050,3,0.36,resolved_exact,
imipramine,5691,imipramine,IN,5691,imipramine,N06AA,N06AA02,CHEMBL11,DB00458,5,0.6,resolved_exact,
irbesartan,83818,irbesartan,IN,83818,irbesartan,C09CA,C09CA04,CHEMBL1513,DB01029,4,0.48,resolved_exact,
isosorbide,6057,isosorbide,IN,6057,isosorbide,C01DA,C01DA14,CHEMBL1311,DB01020,11,1.33,ambiguous,"resolves to IN 6057 'isosorbide', the osmotic diuretic oral solution, not the intended antianginal nitrate; correct concepts are isosorbide mononitrate (PIN 28004) or isosorbide dinitrate (IN 6058). RxNorm resolution succeeds but returns the WRONG drug"
ketoconazole,6135,ketoconazole,IN,6135,ketoconazole,D01AC;G01AF;H02CA;J02AB,D01AC08;G01AF11;H02CA03;J02AB02,CHEMBL157101,DB01026,3,0.36,resolved_exact,
lactulose,6218,lactulose,IN,6218,lactulose,A06AD,A06AD11;A06AD61,CHEMBL296306,DB00581,12,1.45,resolved_exact,
lamotrigine,28439,lamotrigine,IN,28439,lamotrigine,N03AX,N03AX09,CHEMBL741,DB00555,6,0.73,resolved_exact,
lansoprazole,17128,lansoprazole,IN,17128,lansoprazole,A02BC,A02BC03;A02BC53,CHEMBL480,DB00448,3,0.36,resolved_exact,
lantus,261551,Lantus,BN,274783,insulin glargine,A10AE,A10AE04,CHEMBL1201497,,7,0.85,brand_level,RxNorm BN 261551; ingredient-level concept is IN 274783 insulin glargine; no DrugBank ID via UniChem (structure-keyed lookup not applicable: molecule type Protein)
levetiracetam,114477,levetiracetam,IN,114477,levetiracetam,N03AX,N03AX14,CHEMBL1286,DB01202,78,9.43,resolved_exact,
levofloxacin,82122,levofloxacin,IN,82122,levofloxacin,J01MA;S01AE,J01MA12;S01AE05,CHEMBL5315124,,7,0.85,resolved_exact,no DrugBank ID via UniChem (ChEMBL-DrugBank cross-reference absent in UniChem despite DrugBank listing)
lidocaine,6387,lidocaine,IN,6387,lidocaine,C01BB;C05AD;D04AB;N01BB;R02AD;S01HA;S02DA,R02AD02;D04AB01;N01BB02;S01HA07;C01BB01;N01BB52;S02DA01;C05AD01,CHEMBL79,DB00281,4,0.48,resolved_exact,
liraglutide,475968,liraglutide,IN,475968,liraglutide,A10AE;A10BJ,A10BJ02,CHEMBL4084119,,72,8.71,resolved_exact,no DrugBank ID via UniChem (structure-keyed lookup not applicable: molecule type Protein)
lisinopril,29046,lisinopril,IN,29046,lisinopril,C09AA,C09AA03,CHEMBL419213,,5,0.6,resolved_exact,no DrugBank ID via UniChem (ChEMBL-DrugBank cross-reference absent in UniChem despite DrugBank listing)
lorazepam,6470,lorazepam,IN,6470,lorazepam,N05BA,N05BA56;N05BA06,CHEMBL580,DB00186,3,0.36,resolved_exact,
losartan,52175,losartan,IN,52175,losartan,C09CA,C09CA01,CHEMBL191,DB00678,3,0.36,resolved_exact,
lovastatin,6472,lovastatin,IN,6472,lovastatin,C10AA;C10BA,C10AA02,CHEMBL503,DB00227,1,0.12,resolved_exact,
meloxicam,41493,meloxicam,IN,41493,meloxicam,M01AC;N01BB,M01AC56;M01AC06,CHEMBL599,DB00814,4,0.48,resolved_exact,
memantine,6719,memantine,IN,6719,memantine,N06DA;N06DX,N06DX01,CHEMBL807,DB01043,9,1.09,resolved_exact,
metformin,6809,metformin,IN,6809,metformin,A10BA;A10BD,A10BA02,CHEMBL1431,DB00331,9,1.09,resolved_exact,
methadone,6813,methadone,IN,6813,methadone,N07BC,N02AC52;N07BC02,CHEMBL651,DB00333,5,0.6,resolved_exact,
methocarbamol,6845,methocarbamol,IN,6845,methocarbamol,M03BA,M03BA53;M03BA03;M03BA73,CHEMBL1201117,DB00423,7,0.85,resolved_exact,
methotrexate,6851,methotrexate,IN,6851,methotrexate,L01BA;L04AX,L04AX03;L01BA01,CHEMBL34259,DB00563,8,0.97,resolved_exact,
methylphenidate,6901,methylphenidate,IN,6901,methylphenidate,N06BA,N06BA04,CHEMBL796,DB00422,6,0.73,resolved_exact,
metoclopramide,6915,metoclopramide,IN,6915,metoclopramide,A03FA,A03FA01,CHEMBL86,DB01233,6,0.73,resolved_exact,
metoprolol,6918,metoprolol,IN,6918,metoprolol,C07AB;C07FB,C07AB02,CHEMBL13,DB00264,4,0.48,resolved_exact,
metronidazole,6922,metronidazole,IN,6922,metronidazole,A01AB;A02BD;D06BX;G01AF;J01RA;J01XD;P01AB,D06BX01;P01AB51;G01AF01;A01AB17;P01AB01;J01XD01,CHEMBL137,DB00916,6,0.73,resolved_exact,
montelukast,88249,montelukast,IN,88249,montelukast,R03DC,R03DC53;R03DC03,CHEMBL787,DB00471,8,0.97,resolved_exact,
moxifloxacin,139462,moxifloxacin,IN,139462,moxifloxacin,J01MA;S01AE,J01MA14;S01AE07,CHEMBL32,DB00218,8,0.97,resolved_exact,
mupirocin,42372,mupirocin,IN,42372,mupirocin,D06AX;R01AX,D06AX09;R01AX06,CHEMBL719,DB00410,5,0.6,resolved_exact,
nabumetone,31448,nabumetone,IN,31448,nabumetone,M01AX,M01AX01,CHEMBL1070,DB00461,6,0.73,resolved_exact,
naproxen,7258,naproxen,IN,7258,naproxen,G02CC;M01AE;M02AA;N02CC,G02CC02;M01AE02;M02AA12,CHEMBL154,DB00788,5,0.6,resolved_exact,
niacin,7393,niacin,IN,7393,niacin,C04AC;C10AD;C10BA,C10AD02;C04AC01;C10AD52,CHEMBL573,DB00627,4,0.48,resolved_exact,
nitrofurantoin,7454,nitrofurantoin,IN,7454,nitrofurantoin,J01XE,J01XE01;J01XE51,CHEMBL572,DB00698,13,1.57,resolved_exact,
nortriptyline,7531,nortriptyline,IN,7531,nortriptyline,N06AA,N06AA10,CHEMBL445,DB00540,5,0.6,resolved_exact,
olanzapine,61381,olanzapine,IN,61381,olanzapine,N05AH,N05AH03,CHEMBL715,DB00334,4,0.48,resolved_exact,
omeprazole,7646,omeprazole,IN,7646,omeprazole,A02BC;A02BD,A02BC01,CHEMBL1503,DB00338,9,1.09,resolved_exact,
ondansetron,26225,ondansetron,IN,26225,ondansetron,A04AA,A04AA01,CHEMBL46,DB00904,5,0.6,resolved_exact,
oseltamivir,260101,oseltamivir,IN,260101,oseltamivir,J05AH,J05AH02,CHEMBL1229,DB00198,12,1.45,resolved_exact,
oxycodone,7804,oxycodone,IN,7804,oxycodone,N02AA;N02AJ,N02AA05,CHEMBL656,DB00497,4,0.48,resolved_exact,
pantoprazole,40790,pantoprazole,IN,40790,pantoprazole,A02BC,A02BC02,CHEMBL1502,DB00213,4,0.48,resolved_exact,
paracetamol,161,acetaminophen,IN,161,acetaminophen,N02AJ;N02BE,N02BE51;N02BE01;N02BE71,CHEMBL112,DB00316,4,0.48,resolved_nomenclature_variant,INN form; RxNorm/USAN preferred term is 'acetaminophen'
paroxetine,32937,paroxetine,IN,32937,paroxetine,N06AB,N06AB05,CHEMBL490,DB00715,2,0.24,resolved_exact,
pemetrexed,68446,pemetrexed,IN,68446,pemetrexed,L01BA,L01BA04,CHEMBL225072,DB00642,7,0.85,resolved_exact,
penicillin,,,,,,J01CA;J01CE,J01CE02,CHEMBL615,DB00417,11,1.33,unresolvable,"no RxNorm concept via exact (search=0) or normalized (search=2) lookup; class/stem term; candidate ingredients penicillin G (IN 7980) and penicillin V (IN 7984) differ in route, PK and DDI profile. ATC assigned manually for this audit only; ATC assigned manually (no RxClass mapping available)"
perindopril,54552,perindopril,IN,54552,perindopril,C09AA;C09BB,C09AA04,CHEMBL1581,DB00790,6,0.73,resolved_exact,
phenazopyridine,8120,phenazopyridine,IN,8120,phenazopyridine,G04BX,G04BX06,CHEMBL1242,DB01438,8,0.97,resolved_exact,
phenytoin,8183,phenytoin,IN,8183,phenytoin,N03AB,N03AB02;N03AB52,CHEMBL16,DB00252,3,0.36,resolved_exact,
pioglitazone,33738,pioglitazone,IN,33738,pioglitazone,A10BD;A10BG,A10BG03,CHEMBL595,DB01132,4,0.48,resolved_exact,
pravastatin,42463,pravastatin,IN,42463,pravastatin,C10AA,C10AA03,CHEMBL1144,DB00175,4,0.48,resolved_exact,
prednisolone,8638,prednisolone,IN,8638,prednisolone,A01AC;A07EA;C05AA;D07AA;D07XA;H02AB;R01AD;S01BA;S01CB;S02BA;S03BA,A01AC04;A01AC54;A07EA01;C05AA04;D07AA03;D07XA02;H02AB06;R01AD02;R01AD52;S01BA04;S01CB02;S02BA03;S03BA02,CHEMBL131,DB00860,3,0.36,resolved_exact,
prednisone,8640,prednisone,IN,8640,prednisone,A07EA;H02AB,A07EA03;H02AB07,CHEMBL635,DB00635,1,0.12,resolved_exact,
pregabalin,187832,pregabalin,IN,187832,pregabalin,N02BF,N02BF02,CHEMBL1059,DB00230,6,0.73,resolved_exact,
quetiapine,51272,quetiapine,IN,51272,quetiapine,N05AH,N05AH04,CHEMBL716,DB01224,3,0.36,resolved_exact,
raloxifene,72143,raloxifene,IN,72143,raloxifene,G03XC,G03XC01,CHEMBL81,DB00481,5,0.6,resolved_exact,
raltegravir,719872,raltegravir,IN,719872,raltegravir,J05AJ,J05AJ01,CHEMBL254316,DB06817,12,1.45,resolved_exact,
ramipril,35296,ramipril,IN,35296,ramipril,C09AA;C09BB,C09AA05,CHEMBL1168,DB00178,7,0.85,resolved_exact,
ranitidine,9143,ranitidine,IN,9143,ranitidine,A02BA,A02BA02,CHEMBL1790041,DB00863,5,0.6,resolved_exact,
risperidone,35636,risperidone,IN,35636,risperidone,N05AX,N05AX08,CHEMBL85,DB00734,3,0.36,resolved_exact,
ropinirole,72302,ropinirole,IN,72302,ropinirole,N04BC,N04BC04,CHEMBL589,DB00268,5,0.6,resolved_exact,
rosuvastatin,301542,rosuvastatin,IN,301542,rosuvastatin,C10AA;C10BA,C10AA07,CHEMBL1496,DB01098,4,0.48,resolved_exact,
salbutamol,435,albuterol,IN,435,albuterol,R03AC;R03CC,R03AC02;R03CC02,CHEMBL714,DB01001,4,0.48,resolved_nomenclature_variant,INN form; RxNorm/USAN preferred term is 'albuterol'
salmeterol,36117,salmeterol,IN,36117,salmeterol,R03AC;R03AK,R03AC12,CHEMBL1263,DB00938,5,0.6,resolved_exact,
sertraline,36437,sertraline,IN,36437,sertraline,N06AB,N06AB06,CHEMBL809,DB01104,2,0.24,resolved_exact,
sevelamer,214824,sevelamer,IN,214824,sevelamer,V03AE,V03AE02,CHEMBL5314349,,152,18.38,resolved_exact,no DrugBank ID via UniChem (structure-keyed lookup not applicable: molecule type Small molecule)
sildenafil,136411,sildenafil,IN,136411,sildenafil,G04BE,G04BE03,CHEMBL192,DB00203,4,0.48,resolved_exact,
simvastatin,36567,simvastatin,IN,36567,simvastatin,A10BH;C10AA;C10BA,C10AA01,CHEMBL1064,DB00641,2,0.24,resolved_exact,
sitagliptin,593411,sitagliptin,IN,593411,sitagliptin,A10BD;A10BH,A10BH01,CHEMBL1422,DB01261,8,0.97,resolved_exact,
solifenacin,322167,solifenacin,IN,322167,solifenacin,G04BD,G04BD08,CHEMBL1734,DB01591,6,0.73,resolved_exact,
spironolactone,9997,spironolactone,IN,9997,spironolactone,C03DA,C03DA01,CHEMBL1393,DB00421,2,0.24,resolved_exact,
sumatriptan,37418,sumatriptan,IN,37418,sumatriptan,N02CC,N02CC01,CHEMBL128,DB00669,7,0.85,resolved_exact,
tadalafil,358263,tadalafil,IN,358263,tadalafil,C02KX;G04BE;G04CB,G04BE08,CHEMBL779,DB00820,3,0.36,resolved_exact,
temazepam,10355,temazepam,IN,10355,temazepam,N05CD,N05CD07,CHEMBL967,DB00231,2,0.24,resolved_exact,
terazosin,37798,terazosin,IN,37798,terazosin,G04CA,G04CA03,CHEMBL611,DB01162,3,0.36,resolved_exact,
tetracycline,10395,tetracycline,IN,10395,tetracycline,A01AB;A02BD;D06AA;J01AA;J01RA;S01AA;S02AA;S03AA,D06AA04;S03AA02;S01AA09;S02AA08;A01AB13;J01AA07,CHEMBL1440,DB00759,7,0.85,resolved_exact,
tizanidine,57258,tizanidine,IN,57258,tizanidine,M03BX,M03BX02,CHEMBL1079,DB00697,4,0.48,resolved_exact,
tramadol,10689,tramadol,IN,10689,tramadol,N02AJ;N02AX,N02AX02,CHEMBL1237044,DB00193,5,0.6,resolved_exact,
trazodone,10737,trazodone,IN,10737,trazodone,N06AX,N06AX05,CHEMBL621,DB00656,2,0.24,resolved_exact,
triamcinolone,10759,triamcinolone,IN,10759,triamcinolone,A01AC;C05AA;D07AB;D07XB;H02AB;R01AD;R03BA;S01BA,H02AB08;R03BA06;R01AD11;D07XB02;S01BA05;C05AA12;D07AB09;A01AC01,CHEMBL1451,DB00620,5,0.6,resolved_exact,
triamterene,10763,triamterene,IN,10763,triamterene,C03DB,C03DB02,CHEMBL585,DB00384,6,0.73,resolved_exact,
ustekinumab,847083,ustekinumab,IN,847083,ustekinumab,L04AC,L04AC05,CHEMBL1201835,,140,16.93,resolved_exact,no DrugBank ID via UniChem (structure-keyed lookup not applicable: molecule type Antibody)
valganciclovir,275891,valganciclovir,IN,275891,valganciclovir,J05AB,J05AB14,CHEMBL1201314,DB01610,13,1.57,resolved_exact,
valproate,40254,valproate,IN,40254,valproate,N03AG,N03AG01,CHEMBL109,DB00313,4,0.48,resolved_exact,
vardenafil,306674,vardenafil,IN,306674,vardenafil,G04BE,G04BE09,CHEMBL1520,DB00862,5,0.6,resolved_exact,
venlafaxine,39786,venlafaxine,IN,39786,venlafaxine,N06AX,N06AX16,CHEMBL637,DB00285,4,0.48,resolved_exact,
warfarin,11289,warfarin,IN,11289,warfarin,B01AA,B01AA03,CHEMBL1464,DB00682,3,0.36,resolved_exact,
zaleplon,74667,zaleplon,IN,74667,zaleplon,N05CF,N05CF03,CHEMBL1521,DB00962,6,0.73,resolved_exact,
zolmitriptan,135775,zolmitriptan,IN,135775,zolmitriptan,N02CC,N02CC03,CHEMBL1185,DB00315,9,1.09,resolved_exact,
zolpidem,39993,zolpidem,IN,39993,zolpidem,N05CF,N05CF02,CHEMBL911,DB00425,3,0.36,resolved_exact,
zopiclone,40001,zopiclone,IN,40001,zopiclone,N05CF,N05CF01,CHEMBL135400,DB01198,2,0.24,resolved_exact,
