pair_id,drug_a,drug_b,tier,label_class,evidence
ADDI2-0001,hydrocodone,aspirin,EXCLUDED_clinical,no_label_signal,
ADDI2-0002,methotrexate,ustekinumab,EXCLUDED_clinical,no_label_signal,
ADDI2-0003,metformin,liraglutide,EXCLUDED_clinical,label_explicit_INTERACTION,"hypoglycemia. in pediatric patients 10 years of age and older, the risk of hypoglycemia was higher with liraglutide injection regardless of insulin and/or metformin use. reduction in the dose of insul"
ADDI2-0004,hydroxychloroquine,ustekinumab,EXCLUDED_clinical,no_label_signal,
ADDI2-0005,insulin lispro,liraglutide,EXCLUDED_clinical,label_explicit_INTERACTION,")] . nonetheless, caution should be exercised when oral medications are concomitantly administered with liraglutide injection. 7.2 concomitant use with an insulin secretagogue (e.g., sulfonylurea) or"
ADDI2-0006,cinacalcet,sevelamer,EXCLUDED_clinical,no_label_signal,
ADDI2-0007,sitagliptin,liraglutide,EXCLUDED_clinical,no_label_signal,
ADDI2-0008,hydrocodone,mupirocin,EXCLUDED_clinical,no_label_signal,
ADDI2-0009,hydrocodone,chlorhexidine,EXCLUDED_clinical,no_label_signal,
ADDI2-0010,citalopram,mupirocin,EXCLUDED_clinical,no_label_signal,
ADDI2-0011,atenolol,clotrimazole,EXCLUDED_clinical,no_label_signal,
ADDI2-0012,chlorhexidine,citalopram,EXCLUDED_clinical,no_label_signal,
ADDI2-0013,atenolol,mupirocin,EXCLUDED_clinical,no_label_signal,
ADDI2-0014,dextromethorphan,mupirocin,EXCLUDED_clinical,no_label_signal,
ADDI2-0015,conjugated estrogens,methylphenidate,EXCLUDED_clinical,no_label_signal,
ADDI2-0016,atenolol,chlorhexidine,EXCLUDED_clinical,no_label_signal,
ADDI2-0017,hydrochlorothiazide,sevelamer,EXCLUDED_clinical,no_label_signal,
ADDI2-0018,metformin,sevelamer,EXCLUDED_clinical,no_label_signal,
ADDI2-0019,spironolactone,sevelamer,EXCLUDED_clinical,no_label_signal,
ADDI2-0020,hydrocodone,zaleplon,EXCLUDED_clinical,no_label_signal,
ADDI2-0021,ustekinumab,clotrimazole,EXCLUDED_clinical,no_label_signal,
ADDI2-0022,sevelamer,glimepiride,EXCLUDED_clinical,no_label_signal,
ADDI2-0023,sevelamer,clotrimazole,EXCLUDED_clinical,no_label_signal,
ADDI2-0024,dextromethorphan,zolmitriptan,EXCLUDED_clinical,no_label_signal,
ADDI2-0025,methotrexate,sevelamer,EXCLUDED_clinical,no_label_signal,
ADDI2-0026,nitrofurantoin,sevelamer,EXCLUDED_clinical,no_label_signal,
ADDI2-0027,hydrocodone,zopiclone,EXCLUDED_clinical,no_label_signal,
ADDI2-0028,triamterene,sevelamer,EXCLUDED_clinical,no_label_signal,
ADDI2-0029,sevelamer,pemetrexed,EXCLUDED_clinical,no_label_signal,
ADDI2-0030,ustekinumab,pemetrexed,EXCLUDED_clinical,no_label_signal,
ADDI2-0031,dextromethorphan,naproxen,T1_wellpowered,no_label_signal,
ADDI2-0032,atorvastatin,atenolol,T1_wellpowered,no_label_signal,
ADDI2-0033,hydrocodone,omeprazole,T1_wellpowered,no_label_signal,
ADDI2-0034,atenolol,omeprazole,T1_wellpowered,no_label_signal,
ADDI2-0035,simvastatin,atenolol,T1_wellpowered,no_label_signal,
ADDI2-0036,metformin,atenolol,T1_wellpowered,no_label_signal,
ADDI2-0037,atenolol,acetaminophen,T1_wellpowered,no_label_signal,
ADDI2-0038,hydrocodone,furosemide,T1_wellpowered,no_label_signal,
ADDI2-0039,atenolol,losartan,T1_wellpowered,no_label_signal,
ADDI2-0040,hydrocodone,metformin,T1_wellpowered,no_label_signal,
ADDI2-0041,citalopram,lisinopril,T1_wellpowered,no_label_signal,
ADDI2-0042,atenolol,pantoprazole,T1_wellpowered,no_label_signal,
ADDI2-0043,atenolol,clopidogrel,T1_wellpowered,no_label_signal,
ADDI2-0044,atenolol,rosuvastatin,T1_wellpowered,no_label_signal,
ADDI2-0045,acetaminophen,ustekinumab,T1_wellpowered,no_label_signal,
ADDI2-0046,diclofenac,ustekinumab,T1_wellpowered,no_label_signal,
ADDI2-0047,lidocaine,heparin,T1_wellpowered,no_label_signal,
ADDI2-0048,aspirin,levetiracetam,T1_wellpowered,no_label_signal,
ADDI2-0049,hydrocodone,montelukast,T1_wellpowered,no_label_signal,
ADDI2-0050,hydrocodone,naproxen,T1_wellpowered,no_label_signal,
ADDI2-0051,levetiracetam,omeprazole,T1_wellpowered,no_label_signal,
ADDI2-0052,hydrocodone,amoxicillin,T1_wellpowered,no_label_signal,
ADDI2-0053,atenolol,tramadol,T1_wellpowered,no_label_signal,
ADDI2-0054,atenolol,lansoprazole,T1_wellpowered,no_label_signal,
ADDI2-0055,citalopram,montelukast,T1_wellpowered,no_label_signal,
ADDI2-0056,pantoprazole,ustekinumab,T1_wellpowered,no_label_signal,
ADDI2-0057,hydrocodone,famotidine,T1_wellpowered,no_label_signal,
ADDI2-0058,naproxen,ustekinumab,T1_wellpowered,no_label_signal,
ADDI2-0059,heparin,albuterol,T1_wellpowered,no_label_signal,
ADDI2-0060,lisinopril,chlorpheniramine,T1_wellpowered,no_label_signal,
ADDI2-0061,citalopram,methotrexate,T1_wellpowered,no_label_signal,
ADDI2-0062,hydrocodone,methotrexate,T1_wellpowered,no_label_signal,
ADDI2-0063,furosemide,dextromethorphan,T1_wellpowered,no_label_signal,
ADDI2-0064,atenolol,ramipril,T1_wellpowered,no_label_signal,
ADDI2-0065,hydrocodone,diclofenac,T1_wellpowered,no_label_signal,
ADDI2-0066,fentanyl,heparin,T1_wellpowered,no_label_signal,
ADDI2-0067,hydrocodone,meloxicam,T1_wellpowered,no_label_signal,
ADDI2-0068,atenolol,pravastatin,T1_wellpowered,no_label_signal,
ADDI2-0069,atenolol,ezetimibe,T1_wellpowered,no_label_signal,
ADDI2-0070,celecoxib,ustekinumab,T1_wellpowered,no_label_signal,
ADDI2-0071,levetiracetam,albuterol,T1_wellpowered,no_label_signal,
ADDI2-0072,ustekinumab,ibuprofen,T1_wellpowered,no_label_signal,
ADDI2-0073,citalopram,ramipril,T1_wellpowered,no_label_signal,
ADDI2-0074,atenolol,venlafaxine,T1_wellpowered,no_label_signal,
ADDI2-0075,hydrocodone,insulin glargine,T1_wellpowered,no_label_signal,
ADDI2-0076,ondansetron,levetiracetam,T1_wellpowered,no_label_signal,
ADDI2-0077,heparin,oxycodone,T1_wellpowered,no_label_signal,
ADDI2-0078,allopurinol,citalopram,T1_wellpowered,no_label_signal,
ADDI2-0079,ramipril,ustekinumab,T1_wellpowered,no_label_signal,
ADDI2-0080,citalopram,zopiclone,T1_wellpowered,no_label_signal,
ADDI2-0081,salmeterol,citalopram,T1_wellpowered,no_label_signal,
ADDI2-0082,metformin,levetiracetam,T1_wellpowered,no_label_signal,
ADDI2-0083,chlorpheniramine,hydrochlorothiazide,T1_wellpowered,no_label_signal,
ADDI2-0084,hydrocodone,warfarin,T1_wellpowered,no_label_signal,
ADDI2-0085,conjugated estrogens,gabapentin,T1_wellpowered,no_label_signal,
ADDI2-0086,hydrocodone,salmeterol,T1_wellpowered,no_label_signal,
ADDI2-0087,famotidine,heparin,T1_wellpowered,no_label_signal,
ADDI2-0088,hydrocodone,cephalexin,T1_wellpowered,no_label_signal,
ADDI2-0089,atenolol,montelukast,T1_wellpowered,no_label_signal,
ADDI2-0090,hydrocodone,nitroglycerin,T1_wellpowered,no_label_signal,
ADDI2-0091,levetiracetam,acyclovir,T1_wellpowered,no_label_signal,
ADDI2-0092,atenolol,famotidine,T1_wellpowered,no_label_signal,
ADDI2-0093,ondansetron,atenolol,T1_wellpowered,no_label_signal,
ADDI2-0094,amoxicillin,citalopram,T1_wellpowered,no_label_signal,
ADDI2-0095,ustekinumab,tramadol,T1_wellpowered,no_label_signal,
ADDI2-0096,famotidine,levetiracetam,T1_wellpowered,no_label_signal,
ADDI2-0097,citalopram,famotidine,T1_wellpowered,no_label_signal,
ADDI2-0098,allopurinol,chlorpheniramine,T1_wellpowered,no_label_signal,
ADDI2-0099,citalopram,acyclovir,T1_wellpowered,no_label_signal,
ADDI2-0100,levetiracetam,quetiapine,T1_wellpowered,no_label_signal,
ADDI2-0101,metformin,dextromethorphan,T1_wellpowered,no_label_signal,
ADDI2-0102,ustekinumab,quetiapine,T1_wellpowered,no_label_signal,
ADDI2-0103,atenolol,irbesartan,T1_wellpowered,no_label_signal,
ADDI2-0104,atenolol,acyclovir,T1_wellpowered,no_label_signal,
ADDI2-0105,levetiracetam,ibuprofen,T1_wellpowered,no_label_signal,
ADDI2-0106,hydrocodone,glipizide,T1_wellpowered,no_label_signal,
ADDI2-0107,hydrocodone,levofloxacin,T1_wellpowered,no_label_signal,
ADDI2-0108,hydrocodone,triamcinolone,T1_wellpowered,no_label_signal,
ADDI2-0109,chlorpheniramine,amoxicillin,T1_wellpowered,no_label_signal,
ADDI2-0110,lisinopril,liraglutide,T1_wellpowered,no_label_signal,
ADDI2-0111,amlodipine,sevelamer,T1_wellpowered,no_label_signal,
ADDI2-0112,allopurinol,heparin,T1_wellpowered,no_label_signal,
ADDI2-0113,ustekinumab,doxycycline,T1_wellpowered,no_label_signal,
ADDI2-0114,azithromycin,heparin,T1_wellpowered,no_label_signal,
ADDI2-0115,metoclopramide,heparin,T1_wellpowered,no_label_signal,
ADDI2-0116,fluconazole,heparin,T1_wellpowered,no_label_signal,
ADDI2-0117,levetiracetam,clopidogrel,T1_wellpowered,no_label_signal,
ADDI2-0118,metronidazole,heparin,T1_wellpowered,no_label_signal,
ADDI2-0119,aspirin,sevelamer,T1_wellpowered,no_label_signal,
ADDI2-0120,lorazepam,ustekinumab,T1_wellpowered,no_label_signal,
ADDI2-0121,ustekinumab,lansoprazole,T1_wellpowered,no_label_signal,
ADDI2-0122,hydrochlorothiazide,levetiracetam,T1_wellpowered,no_label_signal,
ADDI2-0123,dextromethorphan,hydrochlorothiazide,T1_wellpowered,no_label_signal,
ADDI2-0124,atenolol,prednisolone,T1_wellpowered,no_label_signal,
ADDI2-0125,famotidine,dextromethorphan,T1_wellpowered,no_label_signal,
ADDI2-0126,furosemide,sevelamer,T1_wellpowered,no_label_signal,
ADDI2-0127,heparin,acyclovir,T1_wellpowered,no_label_signal,
ADDI2-0128,metformin,heparin,T1_wellpowered,no_label_signal,
ADDI2-0129,levetiracetam,bisoprolol,T1_wellpowered,no_label_signal,
ADDI2-0130,conjugated estrogens,pregabalin,T1_wellpowered,no_label_signal,
ADDI2-0131,hydrochlorothiazide,heparin,T1_wellpowered,no_label_signal,
ADDI2-0132,allopurinol,levetiracetam,T1_wellpowered,no_label_signal,
ADDI2-0133,amoxicillin,levetiracetam,T1_wellpowered,no_label_signal,
ADDI2-0134,ciprofloxacin,heparin,T1_wellpowered,no_label_signal,
ADDI2-0135,conjugated estrogens,oxycodone,T1_wellpowered,no_label_signal,
ADDI2-0136,amoxicillin,heparin,T1_wellpowered,no_label_signal,
ADDI2-0137,levetiracetam,rosuvastatin,T1_wellpowered,no_label_signal,
ADDI2-0138,metformin,ustekinumab,T1_wellpowered,no_label_signal,
ADDI2-0139,hydrocodone,isosorbide,T1_wellpowered,no_label_signal,
ADDI2-0140,heparin,tramadol,T1_wellpowered,no_label_signal,
ADDI2-0141,levetiracetam,prednisolone,T1_wellpowered,no_label_signal,
ADDI2-0142,metoprolol,sevelamer,T1_wellpowered,label_explicit_NONinteraction,named with an explicit no-interaction statement
ADDI2-0143,montelukast,levetiracetam,T1_wellpowered,no_label_signal,
ADDI2-0144,amoxicillin,dextromethorphan,T1_wellpowered,no_label_signal,
ADDI2-0145,hydrocodone,insulin lispro,T1_wellpowered,no_label_signal,
ADDI2-0146,ustekinumab,diphenhydramine,T1_wellpowered,no_label_signal,
ADDI2-0147,pantoprazole,sevelamer,T1_wellpowered,no_label_signal,
ADDI2-0148,acetaminophen,sevelamer,T1_wellpowered,no_label_signal,
ADDI2-0149,atenolol,conjugated estrogens,T1_wellpowered,no_label_signal,
ADDI2-0150,atorvastatin,sevelamer,T1_wellpowered,no_label_signal,
ADDI2-0151,acetaminophen,liraglutide,T1_wellpowered,no_label_signal,
ADDI2-0152,metoprolol,liraglutide,T1_wellpowered,no_label_signal,
ADDI2-0153,omeprazole,sevelamer,T1_wellpowered,no_label_signal,
ADDI2-0154,furosemide,dalteparin,T1_wellpowered,no_label_signal,
ADDI2-0155,atenolol,hydralazine,T1_wellpowered,no_label_signal,
ADDI2-0156,alprazolam,heparin,T1_wellpowered,no_label_signal,
ADDI2-0157,atenolol,pioglitazone,T1_wellpowered,no_label_signal,
ADDI2-0158,atenolol,perindopril,T1_wellpowered,no_label_signal,
ADDI2-0159,atenolol,fenofibrate,T1_wellpowered,no_label_signal,
ADDI2-0160,pantoprazole,liraglutide,T1_wellpowered,no_label_signal,
ADDI2-0161,carvedilol,sevelamer,T1_wellpowered,no_label_signal,
ADDI2-0162,atenolol,finasteride,T1_wellpowered,no_label_signal,
ADDI2-0163,azithromycin,atenolol,T1_wellpowered,no_label_signal,
ADDI2-0164,hydrocodone,fenofibrate,T1_wellpowered,no_label_signal,
ADDI2-0165,hydrocodone,sitagliptin,T1_wellpowered,no_label_signal,
ADDI2-0166,ramipril,levetiracetam,T1_wellpowered,no_label_signal,
ADDI2-0167,hydrocodone,conjugated estrogens,T1_wellpowered,no_label_signal,
ADDI2-0168,hydroxychloroquine,heparin,T1_wellpowered,label_explicit_INTERACTION,"nhibitors drugs such as nsaids (including salicylic acid, ibuprofen, indomethacin, and celecoxib), dextran, phenylbutazone, thienopyridines, dipyridamole, hydroxychloroquine, glycoprotein iib/iiia ant"
ADDI2-0169,levofloxacin,heparin,T1_wellpowered,no_label_signal,
ADDI2-0170,hydrocodone,nitrofurantoin,T1_wellpowered,no_label_signal,
ADDI2-0171,omeprazole,ustekinumab,T1_wellpowered,no_label_signal,
ADDI2-0172,ranitidine,heparin,T1_wellpowered,no_label_signal,
ADDI2-0173,ondansetron,dalteparin,T1_wellpowered,no_label_signal,
ADDI2-0174,isosorbide,citalopram,T1_wellpowered,no_label_signal,
ADDI2-0175,levetiracetam,olanzapine,T1_wellpowered,no_label_signal,
ADDI2-0176,aspirin,ustekinumab,T1_wellpowered,no_label_signal,
ADDI2-0177,atenolol,cyclosporine,T1_wellpowered,no_label_signal,
ADDI2-0178,hydrocodone,finasteride,T1_wellpowered,no_label_signal,
ADDI2-0179,chlorpheniramine,insulin glargine,T1_wellpowered,no_label_signal,
ADDI2-0180,citalopram,enalapril,T1_wellpowered,no_label_signal,
ADDI2-0181,chlorpheniramine,nitroglycerin,T1_wellpowered,no_label_signal,
ADDI2-0182,hydrocodone,glimepiride,T1_wellpowered,no_label_signal,
ADDI2-0183,methotrexate,heparin,T1_wellpowered,no_label_signal,
ADDI2-0184,atorvastatin,ustekinumab,T1_wellpowered,no_label_signal,
ADDI2-0185,lamotrigine,atenolol,T1_wellpowered,no_label_signal,
ADDI2-0186,atenolol,doxycycline,T1_wellpowered,no_label_signal,
ADDI2-0187,amlodipine,ustekinumab,T1_wellpowered,no_label_signal,
ADDI2-0188,allopurinol,dextromethorphan,T1_wellpowered,no_label_signal,
ADDI2-0189,dextromethorphan,acyclovir,T1_wellpowered,no_label_signal,
ADDI2-0190,hydrocodone,lactulose,T1_wellpowered,no_label_signal,
ADDI2-0191,fluconazole,atenolol,T1_wellpowered,no_label_signal,
ADDI2-0192,atenolol,triamcinolone,T1_wellpowered,no_label_signal,
ADDI2-0193,atenolol,gemfibrozil,T1_wellpowered,no_label_signal,
ADDI2-0194,allopurinol,sevelamer,T1_wellpowered,no_label_signal,
ADDI2-0195,ustekinumab,meloxicam,T1_wellpowered,no_label_signal,
ADDI2-0196,liraglutide,clopidogrel,T1_wellpowered,no_label_signal,
ADDI2-0197,lamotrigine,ustekinumab,T1_wellpowered,no_label_signal,
ADDI2-0198,ranitidine,ustekinumab,T1_wellpowered,no_label_signal,
ADDI2-0199,citalopram,finasteride,T1_wellpowered,no_label_signal,
ADDI2-0200,allopurinol,dalteparin,T1_wellpowered,no_label_signal,
ADDI2-0201,levetiracetam,naproxen,T1_wellpowered,no_label_signal,
ADDI2-0202,levetiracetam,warfarin,T1_wellpowered,no_label_signal,
ADDI2-0203,metoclopramide,dalteparin,T1_wellpowered,no_label_signal,
ADDI2-0204,citalopram,conjugated estrogens,T1_wellpowered,no_label_signal,
ADDI2-0205,citalopram,nitrofurantoin,T1_wellpowered,no_label_signal,
ADDI2-0206,atenolol,metronidazole,T1_wellpowered,no_label_signal,
ADDI2-0207,chlorpheniramine,sumatriptan,T1_wellpowered,no_label_signal,
ADDI2-0208,hydroxychloroquine,conjugated estrogens,T1_wellpowered,no_label_signal,
ADDI2-0209,triamcinolone,dextromethorphan,T1_wellpowered,no_label_signal,
ADDI2-0210,buprenorphine,ustekinumab,T1_wellpowered,no_label_signal,
ADDI2-0211,ustekinumab,albuterol,T1_wellpowered,no_label_signal,
ADDI2-0212,citalopram,perindopril,T1_wellpowered,no_label_signal,
ADDI2-0213,lisinopril,sevelamer,T1_wellpowered,no_label_signal,
ADDI2-0214,atenolol,colchicine,T1_wellpowered,no_label_signal,
ADDI2-0215,isosorbide,heparin,T1_wellpowered,no_label_signal,
ADDI2-0216,hydralazine,sevelamer,T1_wellpowered,no_label_signal,
ADDI2-0217,chlorpheniramine,levofloxacin,T1_wellpowered,no_label_signal,
ADDI2-0218,atenolol,levofloxacin,T1_wellpowered,no_label_signal,
ADDI2-0219,prednisone,sevelamer,T1_wellpowered,no_label_signal,
ADDI2-0220,atomoxetine,ustekinumab,T1_wellpowered,no_label_signal,
ADDI2-0221,dextromethorphan,insulin glargine,T1_wellpowered,no_label_signal,
ADDI2-0222,atenolol,cephalexin,T1_wellpowered,no_label_signal,
ADDI2-0223,atenolol,clindamycin,T1_wellpowered,no_label_signal,
ADDI2-0224,carvedilol,liraglutide,T1_wellpowered,no_label_signal,
ADDI2-0225,atenolol,sumatriptan,T1_wellpowered,no_label_signal,
ADDI2-0226,hydrocodone,donepezil,T1_wellpowered,no_label_signal,
ADDI2-0227,dextromethorphan,nitroglycerin,T1_wellpowered,no_label_signal,
ADDI2-0228,atenolol,nitrofurantoin,T1_wellpowered,no_label_signal,
ADDI2-0229,atenolol,dextromethorphan,T1_wellpowered,no_label_signal,
ADDI2-0230,sevelamer,oxycodone,T1_wellpowered,no_label_signal,
ADDI2-0231,allopurinol,liraglutide,T1_wellpowered,no_label_signal,
ADDI2-0232,sevelamer,clopidogrel,T1_wellpowered,no_label_signal,
ADDI2-0233,lorazepam,dalteparin,T1_wellpowered,no_label_signal,
ADDI2-0234,atenolol,solifenacin,T1_wellpowered,no_label_signal,
ADDI2-0235,donepezil,levetiracetam,T1_wellpowered,no_label_signal,
ADDI2-0236,liraglutide,oxycodone,T1_wellpowered,no_label_signal,
ADDI2-0237,hydrocodone,cefdinir,T1_wellpowered,no_label_signal,
ADDI2-0238,sevelamer,losartan,T1_wellpowered,no_label_signal,
ADDI2-0239,chlorpheniramine,lactulose,T1_wellpowered,no_label_signal,
ADDI2-0240,simvastatin,sevelamer,T1_wellpowered,no_label_signal,
ADDI2-0241,dextromethorphan,levofloxacin,T1_wellpowered,no_label_signal,
ADDI2-0242,liraglutide,tramadol,T1_wellpowered,no_label_signal,
ADDI2-0243,hydroxychloroquine,levetiracetam,T1_wellpowered,no_label_signal,
ADDI2-0244,citalopram,dicyclomine,T1_wellpowered,no_label_signal,
ADDI2-0245,levetiracetam,salmeterol,T1_wellpowered,no_label_signal,
ADDI2-0246,atenolol,methocarbamol,T1_wellpowered,no_label_signal,
ADDI2-0247,rosuvastatin,ustekinumab,T1_wellpowered,no_label_signal,
ADDI2-0248,liraglutide,bisoprolol,T1_wellpowered,no_label_signal,
ADDI2-0249,amoxicillin,dalteparin,T2_moderate,no_label_signal,
ADDI2-0250,ondansetron,sevelamer,T2_moderate,no_label_signal,
ADDI2-0251,atenolol,phenytoin,T2_moderate,no_label_signal,
ADDI2-0252,celecoxib,levetiracetam,T2_moderate,no_label_signal,
ADDI2-0253,sevelamer,albuterol,T2_moderate,no_label_signal,
ADDI2-0254,levetiracetam,doxycycline,T2_moderate,no_label_signal,
ADDI2-0255,levetiracetam,methylphenidate,T2_moderate,no_label_signal,
ADDI2-0256,ciprofloxacin,dalteparin,T2_moderate,no_label_signal,
ADDI2-0257,dextromethorphan,heparin,T2_moderate,no_label_signal,
ADDI2-0258,metronidazole,dalteparin,T2_moderate,no_label_signal,
ADDI2-0259,hydrochlorothiazide,ustekinumab,T2_moderate,no_label_signal,
ADDI2-0260,metformin,dalteparin,T2_moderate,no_label_signal,
ADDI2-0261,fluconazole,dalteparin,T2_moderate,no_label_signal,
ADDI2-0262,chlorpheniramine,sitagliptin,T2_moderate,no_label_signal,
ADDI2-0263,sevelamer,lansoprazole,T2_moderate,no_label_signal,
ADDI2-0264,pravastatin,liraglutide,T2_moderate,no_label_signal,
ADDI2-0265,lactulose,finasteride,T2_moderate,no_label_signal,
ADDI2-0266,metoprolol,ustekinumab,T2_moderate,no_label_signal,
ADDI2-0267,metoprolol,dalteparin,T2_moderate,no_label_signal,
ADDI2-0268,ustekinumab,losartan,T2_moderate,no_label_signal,
ADDI2-0269,famotidine,sevelamer,T2_moderate,no_label_signal,
ADDI2-0270,levetiracetam,nitroglycerin,T2_moderate,no_label_signal,
ADDI2-0271,levetiracetam,clindamycin,T2_moderate,no_label_signal,
ADDI2-0272,fentanyl,dalteparin,T2_moderate,no_label_signal,
ADDI2-0273,atenolol,dutasteride,T2_moderate,label_explicit_NONinteraction,named with an explicit no-interaction statement
ADDI2-0274,sitagliptin,levetiracetam,T2_moderate,no_label_signal,
ADDI2-0275,furosemide,ustekinumab,T2_moderate,no_label_signal,
ADDI2-0276,oseltamivir,heparin,T2_moderate,no_label_signal,
ADDI2-0277,ezetimibe,levetiracetam,T2_moderate,no_label_signal,
ADDI2-0278,conjugated estrogens,nitroglycerin,T2_moderate,no_label_signal,
ADDI2-0279,sevelamer,warfarin,T2_moderate,label_explicit_NONinteraction,named with an explicit no-interaction statement
ADDI2-0280,baclofen,heparin,T2_moderate,no_label_signal,
ADDI2-0281,ustekinumab,bisoprolol,T2_moderate,no_label_signal,
ADDI2-0282,atenolol,clarithromycin,T2_moderate,no_label_signal,
ADDI2-0283,hydrocodone,cefuroxime,T2_moderate,no_label_signal,
ADDI2-0284,levetiracetam,finasteride,T2_moderate,no_label_signal,
ADDI2-0285,insulin lispro,dextromethorphan,T2_moderate,no_label_signal,
ADDI2-0286,sevelamer,tramadol,T2_moderate,no_label_signal,
ADDI2-0287,conjugated estrogens,metoclopramide,T2_moderate,no_label_signal,
ADDI2-0288,hydrocodone,liraglutide,T2_moderate,no_label_signal,
ADDI2-0289,triamcinolone,levetiracetam,T2_moderate,no_label_signal,
ADDI2-0290,heparin,cefuroxime,T2_moderate,no_label_signal,
ADDI2-0291,hydrocodone,oseltamivir,T2_moderate,no_label_signal,
ADDI2-0292,chlorpheniramine,nitrofurantoin,T2_moderate,no_label_signal,
ADDI2-0293,atenolol,raloxifene,T2_moderate,no_label_signal,
ADDI2-0294,diphenhydramine,sevelamer,T2_moderate,no_label_signal,
ADDI2-0295,hydrocodone,sevelamer,T2_moderate,no_label_signal,
ADDI2-0296,ustekinumab,sertraline,T2_moderate,no_label_signal,
ADDI2-0297,valganciclovir,heparin,T2_moderate,no_label_signal,
ADDI2-0298,diphenhydramine,liraglutide,T2_moderate,no_label_signal,
ADDI2-0299,methotrexate,liraglutide,T2_moderate,no_label_signal,
ADDI2-0300,sevelamer,acyclovir,T2_moderate,no_label_signal,
ADDI2-0301,tizanidine,heparin,T2_moderate,no_label_signal,
ADDI2-0302,levetiracetam,meloxicam,T2_moderate,no_label_signal,
ADDI2-0303,amoxicillin,liraglutide,T2_moderate,no_label_signal,
ADDI2-0304,levetiracetam,irbesartan,T2_moderate,no_label_signal,
ADDI2-0305,conjugated estrogens,nitrofurantoin,T2_moderate,no_label_signal,
ADDI2-0306,dextromethorphan,glipizide,T2_moderate,no_label_signal,
ADDI2-0307,ustekinumab,amitriptyline,T2_moderate,no_label_signal,
ADDI2-0308,sildenafil,levetiracetam,T2_moderate,no_label_signal,
ADDI2-0309,rosuvastatin,sevelamer,T2_moderate,no_label_signal,
ADDI2-0310,hydrocodone,bisoprolol,T2_moderate,no_label_signal,
ADDI2-0311,chlorpheniramine,enalapril,T2_moderate,no_label_signal,
ADDI2-0312,sevelamer,sertraline,T2_moderate,no_label_signal,
ADDI2-0313,dextromethorphan,lactulose,T2_moderate,no_label_signal,
ADDI2-0314,metronidazole,ustekinumab,T2_moderate,no_label_signal,
ADDI2-0315,ustekinumab,trazodone,T2_moderate,no_label_signal,
ADDI2-0316,lidocaine,sevelamer,T2_moderate,no_label_signal,
ADDI2-0317,venlafaxine,liraglutide,T2_moderate,no_label_signal,
ADDI2-0318,lorazepam,sevelamer,T2_moderate,no_label_signal,
ADDI2-0319,ramipril,dextromethorphan,T2_moderate,no_label_signal,
ADDI2-0320,levetiracetam,memantine,T2_moderate,no_label_signal,
ADDI2-0321,zolpidem,ustekinumab,T2_moderate,no_label_signal,
ADDI2-0322,atenolol,ketoconazole,T2_moderate,no_label_signal,
ADDI2-0323,zolpidem,sevelamer,T2_moderate,no_label_signal,
ADDI2-0324,alprazolam,sevelamer,T2_moderate,no_label_signal,
ADDI2-0325,dextromethorphan,ustekinumab,T2_moderate,no_label_signal,
ADDI2-0326,famotidine,liraglutide,T2_moderate,no_label_signal,
ADDI2-0327,isosorbide,dextromethorphan,T2_moderate,no_label_signal,
ADDI2-0328,cephalexin,heparin,T2_moderate,no_label_signal,
ADDI2-0329,hydrocodone,moxifloxacin,T2_moderate,no_label_signal,
ADDI2-0330,isosorbide,levetiracetam,T2_moderate,no_label_signal,
ADDI2-0331,chlorpheniramine,ustekinumab,T2_moderate,no_label_signal,
ADDI2-0332,azithromycin,liraglutide,T2_moderate,no_label_signal,
ADDI2-0333,nitrofurantoin,levetiracetam,T2_moderate,no_label_signal,
ADDI2-0334,sitagliptin,heparin,T2_moderate,no_label_signal,
ADDI2-0335,ciprofloxacin,ustekinumab,T2_moderate,no_label_signal,
ADDI2-0336,chlorpheniramine,triamterene,T2_moderate,no_label_signal,
ADDI2-0337,conjugated estrogens,methocarbamol,T2_moderate,no_label_signal,
ADDI2-0338,methotrexate,dalteparin,T2_moderate,no_label_signal,
ADDI2-0339,heparin,granisetron,T2_moderate,no_label_signal,
ADDI2-0340,montelukast,ustekinumab,T2_moderate,no_label_signal,
ADDI2-0341,citalopram,ustekinumab,T2_moderate,no_label_signal,
ADDI2-0342,ondansetron,ustekinumab,T2_moderate,no_label_signal,
ADDI2-0343,lamotrigine,heparin,T2_moderate,no_label_signal,
ADDI2-0344,allopurinol,ustekinumab,T2_moderate,no_label_signal,
ADDI2-0345,colchicine,heparin,T2_moderate,no_label_signal,
ADDI2-0346,ustekinumab,clopidogrel,T2_moderate,no_label_signal,
ADDI2-0347,isosorbide,sevelamer,T2_moderate,no_label_signal,
ADDI2-0348,chlorpheniramine,oseltamivir,T2_moderate,no_label_signal,
ADDI2-0349,chlorpheniramine,dalteparin,T2_moderate,no_label_signal,
ADDI2-0350,levetiracetam,glipizide,T2_moderate,no_label_signal,
ADDI2-0351,nitrofurantoin,dextromethorphan,T2_moderate,no_label_signal,
ADDI2-0352,enalapril,liraglutide,T2_moderate,no_label_signal,
ADDI2-0353,citalopram,cefuroxime,T2_moderate,no_label_signal,
ADDI2-0354,ranitidine,dalteparin,T2_moderate,no_label_signal,
ADDI2-0355,sevelamer,bisoprolol,T2_moderate,no_label_signal,
ADDI2-0356,azithromycin,sevelamer,T2_moderate,no_label_signal,
ADDI2-0357,sitagliptin,ustekinumab,T2_moderate,no_label_signal,
ADDI2-0358,amoxicillin,sevelamer,T2_moderate,no_label_signal,
ADDI2-0359,lidocaine,dalteparin,T2_moderate,no_label_signal,
ADDI2-0360,dicyclomine,dextromethorphan,T2_moderate,no_label_signal,
ADDI2-0361,pravastatin,sevelamer,T2_moderate,no_label_signal,
ADDI2-0362,alprazolam,ustekinumab,T2_moderate,no_label_signal,
ADDI2-0363,metoclopramide,sevelamer,T2_moderate,no_label_signal,
ADDI2-0364,cephalexin,levetiracetam,T2_moderate,no_label_signal,
ADDI2-0365,ranitidine,sevelamer,T2_moderate,no_label_signal,
ADDI2-0366,moxifloxacin,ustekinumab,T2_moderate,no_label_signal,
ADDI2-0367,atenolol,valproate,T2_moderate,no_label_signal,
ADDI2-0368,dextromethorphan,oseltamivir,T2_moderate,no_label_signal,
ADDI2-0369,methadone,heparin,T2_moderate,no_label_signal,
ADDI2-0370,lidocaine,liraglutide,T2_moderate,no_label_signal,
ADDI2-0371,doxazosin,sevelamer,T2_moderate,no_label_signal,
ADDI2-0372,methocarbamol,heparin,T2_moderate,no_label_signal,
ADDI2-0373,citalopram,dutasteride,T2_moderate,no_label_signal,
ADDI2-0374,spironolactone,ustekinumab,T2_moderate,no_label_signal,
ADDI2-0375,citalopram,oseltamivir,T2_moderate,no_label_signal,
ADDI2-0376,citalopram,raltegravir,T2_moderate,no_label_signal,
ADDI2-0377,cefdinir,dextromethorphan,T2_moderate,no_label_signal,
ADDI2-0378,moxifloxacin,heparin,T2_moderate,no_label_signal,
ADDI2-0379,sumatriptan,heparin,T2_moderate,no_label_signal,
ADDI2-0380,amoxicillin,ustekinumab,T2_moderate,no_label_signal,
ADDI2-0381,atenolol,memantine,T2_moderate,no_label_signal,
ADDI2-0382,diphenhydramine,dalteparin,T2_moderate,no_label_signal,
ADDI2-0383,cephalexin,liraglutide,T2_moderate,no_label_signal,
ADDI2-0384,diazepam,liraglutide,T2_moderate,no_label_signal,
ADDI2-0385,tizanidine,liraglutide,T2_moderate,no_label_signal,
ADDI2-0386,atenolol,cefuroxime,T2_moderate,no_label_signal,
ADDI2-0387,ustekinumab,irbesartan,T2_moderate,no_label_signal,
ADDI2-0388,levetiracetam,solifenacin,T2_moderate,no_label_signal,
ADDI2-0389,fluoxetine,ustekinumab,T2_moderate,no_label_signal,
ADDI2-0390,sevelamer,trazodone,T2_moderate,no_label_signal,
ADDI2-0391,oseltamivir,dalteparin,T2_moderate,no_label_signal,
ADDI2-0392,ezetimibe,ustekinumab,T2_moderate,no_label_signal,
ADDI2-0393,citalopram,sevelamer,T2_moderate,no_label_signal,
ADDI2-0394,isosorbide,liraglutide,T2_moderate,no_label_signal,
ADDI2-0395,hydrocodone,dutasteride,T2_moderate,no_label_signal,
ADDI2-0396,fentanyl,sevelamer,T2_moderate,no_label_signal,
ADDI2-0397,valganciclovir,levetiracetam,T2_moderate,no_label_signal,
ADDI2-0398,diazepam,dalteparin,T2_moderate,no_label_signal,
ADDI2-0399,nitrofurantoin,heparin,T2_moderate,no_label_signal,
ADDI2-0400,ranitidine,liraglutide,T2_moderate,no_label_signal,
ADDI2-0401,levetiracetam,pemetrexed,T2_moderate,no_label_signal,
ADDI2-0402,dextromethorphan,glimepiride,T2_moderate,no_label_signal,
ADDI2-0403,hydrocodone,memantine,T2_moderate,no_label_signal,
ADDI2-0404,levetiracetam,tadalafil,T2_moderate,no_label_signal,
ADDI2-0405,sevelamer,clonazepam,T2_moderate,no_label_signal,
ADDI2-0406,levetiracetam,glimepiride,T2_moderate,no_label_signal,
ADDI2-0407,atenolol,cinacalcet,T2_moderate,no_label_signal,
ADDI2-0408,venlafaxine,ustekinumab,T2_moderate,no_label_signal,
ADDI2-0409,dicyclomine,levetiracetam,T2_moderate,no_label_signal,
ADDI2-0410,triamterene,dextromethorphan,T2_moderate,no_label_signal,
ADDI2-0411,montelukast,sevelamer,T2_moderate,no_label_signal,
ADDI2-0412,cefdinir,chlorpheniramine,T2_moderate,no_label_signal,
ADDI2-0413,dextromethorphan,solifenacin,T2_moderate,no_label_signal,
ADDI2-0414,cefdinir,citalopram,T2_moderate,no_label_signal,
ADDI2-0415,sevelamer,ibuprofen,T2_moderate,no_label_signal,
ADDI2-0416,doxazosin,liraglutide,T2_moderate,no_label_signal,
ADDI2-0417,moxifloxacin,dextromethorphan,T2_moderate,no_label_signal,
ADDI2-0418,liraglutide,acyclovir,T2_moderate,no_label_signal,
ADDI2-0419,fluconazole,sevelamer,T2_moderate,no_label_signal,
ADDI2-0420,liraglutide,perindopril,T2_moderate,no_label_signal,
ADDI2-0421,hydrocodone,alfuzosin,T2_moderate,no_label_signal,
ADDI2-0422,lamotrigine,liraglutide,T2_moderate,no_label_signal,
ADDI2-0423,tetracycline,ustekinumab,T2_moderate,no_label_signal,
ADDI2-0424,sevelamer,amitriptyline,T2_moderate,no_label_signal,
ADDI2-0425,conjugated estrogens,isosorbide,T2_moderate,no_label_signal,
ADDI2-0426,levofloxacin,dalteparin,T2_moderate,no_label_signal,
ADDI2-0427,glipizide,sevelamer,T2_moderate,no_label_signal,
ADDI2-0428,fluconazole,liraglutide,T2_moderate,no_label_signal,
ADDI2-0429,hydrochlorothiazide,dalteparin,T2_moderate,no_label_signal,
ADDI2-0430,metoclopramide,liraglutide,T2_moderate,no_label_signal,
ADDI2-0431,dutasteride,lactulose,T2_moderate,no_label_signal,
ADDI2-0432,levetiracetam,granisetron,T2_moderate,no_label_signal,
ADDI2-0433,hydrocodone,benztropine,T2_moderate,no_label_signal,
ADDI2-0434,sildenafil,sevelamer,T2_moderate,no_label_signal,
ADDI2-0435,chlorpheniramine,moxifloxacin,T2_moderate,no_label_signal,
ADDI2-0436,conjugated estrogens,levetiracetam,T2_moderate,no_label_signal,
ADDI2-0437,ezetimibe,sevelamer,T2_moderate,no_label_signal,
ADDI2-0438,ustekinumab,perindopril,T2_moderate,no_label_signal,
ADDI2-0439,famotidine,ustekinumab,T2_moderate,no_label_signal,
ADDI2-0440,atenolol,pemetrexed,T2_moderate,no_label_signal,
ADDI2-0441,baclofen,liraglutide,T2_moderate,no_label_signal,
ADDI2-0442,phenazopyridine,citalopram,T2_moderate,no_label_signal,
ADDI2-0443,sevelamer,doxycycline,T2_moderate,no_label_signal,
ADDI2-0444,sevelamer,prednisolone,T2_moderate,no_label_signal,
ADDI2-0445,azithromycin,dalteparin,T2_moderate,no_label_signal,
ADDI2-0446,dextromethorphan,cefuroxime,T2_moderate,no_label_signal,
ADDI2-0447,levetiracetam,cefuroxime,T2_moderate,no_label_signal,
ADDI2-0448,paroxetine,ustekinumab,T2_moderate,no_label_signal,
ADDI2-0449,heparin,methylphenidate,T2_moderate,no_label_signal,
ADDI2-0450,metronidazole,sevelamer,T2_moderate,no_label_signal,
ADDI2-0451,cefuroxime,liraglutide,T2_moderate,no_label_signal,
ADDI2-0452,levetiracetam,dutasteride,T2_moderate,no_label_signal,
ADDI2-0453,conjugated estrogens,bisoprolol,T2_moderate,no_label_signal,
ADDI2-0454,diazepam,ustekinumab,T2_moderate,no_label_signal,
ADDI2-0455,nortriptyline,heparin,T2_moderate,no_label_signal,
ADDI2-0456,chlorpheniramine,cefuroxime,T2_moderate,no_label_signal,
ADDI2-0457,enalapril,sevelamer,T2_moderate,label_explicit_NONinteraction,named with an explicit no-interaction statement
ADDI2-0458,citalopram,valganciclovir,T2_moderate,no_label_signal,
ADDI2-0459,levetiracetam,pioglitazone,T2_moderate,no_label_signal,
ADDI2-0460,famotidine,dalteparin,T2_moderate,no_label_signal,
ADDI2-0461,carvedilol,ustekinumab,T2_moderate,no_label_signal,
ADDI2-0462,colchicine,sevelamer,T2_moderate,no_label_signal,
ADDI2-0463,levetiracetam,oseltamivir,T2_moderate,no_label_signal,
ADDI2-0464,sevelamer,temazepam,T2_moderate,no_label_signal,
ADDI2-0465,clindamycin,dalteparin,T2_moderate,no_label_signal,
ADDI2-0466,cephalexin,sevelamer,T2_moderate,no_label_signal,
ADDI2-0467,levetiracetam,alfuzosin,T2_moderate,no_label_signal,
ADDI2-0468,atenolol,cefdinir,T2_moderate,no_label_signal,
ADDI2-0469,atenolol,phenazopyridine,T2_moderate,no_label_signal,
ADDI2-0470,ramipril,sevelamer,T2_moderate,no_label_signal,
ADDI2-0471,nitroglycerin,dalteparin,T2_moderate,no_label_signal,
ADDI2-0472,zolpidem,dalteparin,T2_moderate,no_label_signal,
ADDI2-0473,clindamycin,ustekinumab,T2_moderate,no_label_signal,
ADDI2-0474,conjugated estrogens,lactulose,T2_moderate,no_label_signal,
ADDI2-0475,clindamycin,sevelamer,T2_moderate,no_label_signal,
ADDI2-0476,hydrocodone,raltegravir,T2_moderate,no_label_signal,
ADDI2-0477,triamterene,levetiracetam,T2_moderate,no_label_signal,
ADDI2-0478,atenolol,oseltamivir,T2_moderate,no_label_signal,
ADDI2-0479,heparin,conjugated estrogens,T2_moderate,no_label_signal,
ADDI2-0480,pravastatin,ustekinumab,T2_moderate,no_label_signal,
ADDI2-0481,olanzapine,dalteparin,T2_moderate,no_label_signal,
ADDI2-0482,salmeterol,sevelamer,T2_moderate,no_label_signal,
ADDI2-0483,valganciclovir,atenolol,T2_moderate,no_label_signal,
ADDI2-0484,chlorpheniramine,nabumetone,T2_moderate,no_label_signal,
ADDI2-0485,moxifloxacin,levetiracetam,T2_moderate,no_label_signal,
ADDI2-0486,phenazopyridine,conjugated estrogens,T2_moderate,no_label_signal,
ADDI2-0487,ustekinumab,temazepam,T2_moderate,no_label_signal,
ADDI2-0488,azithromycin,ustekinumab,T2_moderate,no_label_signal,
ADDI2-0489,levetiracetam,raltegravir,T2_moderate,no_label_signal,
ADDI2-0490,dextromethorphan,emtricitabine,T2_moderate,no_label_signal,
ADDI2-0491,sevelamer,quetiapine,T2_moderate,no_label_signal,
ADDI2-0492,ropinirole,heparin,T2_moderate,no_label_signal,
ADDI2-0493,dextromethorphan,liraglutide,T2_moderate,no_label_signal,
ADDI2-0494,montelukast,dalteparin,T2_moderate,no_label_signal,
ADDI2-0495,salmeterol,ustekinumab,T2_moderate,no_label_signal,
ADDI2-0496,haloperidol,dalteparin,T2_moderate,no_label_signal,
ADDI2-0497,naproxen,sevelamer,T2_moderate,no_label_signal,
ADDI2-0498,sevelamer,irbesartan,T2_moderate,no_label_signal,
ADDI2-0499,diazepam,sevelamer,T2_moderate,no_label_signal,
ADDI2-0500,sitagliptin,sevelamer,T2_moderate,no_label_signal,
ADDI2-0501,phenazopyridine,dextromethorphan,T2_moderate,no_label_signal,
ADDI2-0502,hydrocodone,penicillin v potassium,T2_moderate,no_label_signal,
ADDI2-0503,hydroxychloroquine,dalteparin,T2_moderate,label_class_INTERACTION,platelet-inhibitor/NSAID class named in the anticoagulant's own label
ADDI2-0504,chlorpheniramine,perindopril,T2_moderate,no_label_signal,
ADDI2-0505,hydrocodone,valganciclovir,T2_moderate,no_label_signal,
ADDI2-0506,sevelamer,finasteride,T2_moderate,no_label_signal,
ADDI2-0507,isosorbide,dalteparin,T2_moderate,no_label_signal,
ADDI2-0508,ezetimibe,dalteparin,T2_moderate,no_label_signal,
ADDI2-0509,methocarbamol,liraglutide,T2_moderate,no_label_signal,
ADDI2-0510,dextromethorphan,dutasteride,T2_moderate,no_label_signal,
ADDI2-0511,metronidazole,liraglutide,T2_moderate,no_label_signal,
ADDI2-0512,atenolol,granisetron,T2_moderate,no_label_signal,
ADDI2-0513,methocarbamol,ustekinumab,T2_moderate,no_label_signal,
ADDI2-0514,heparin,niacin,T2_moderate,no_label_signal,
ADDI2-0515,fluconazole,ustekinumab,T2_moderate,no_label_signal,
ADDI2-0516,atenolol,eletriptan,T2_moderate,no_label_signal,
ADDI2-0517,methadone,dalteparin,T2_moderate,no_label_signal,
ADDI2-0518,dicyclomine,ustekinumab,T2_moderate,no_label_signal,
ADDI2-0519,methylphenidate,liraglutide,T2_moderate,no_label_signal,
ADDI2-0520,sevelamer,tadalafil,T2_moderate,no_label_signal,
ADDI2-0521,enalapril,ustekinumab,T2_moderate,no_label_signal,
ADDI2-0522,valganciclovir,sevelamer,T2_moderate,no_label_signal,
ADDI2-0523,cefdinir,levetiracetam,T2_moderate,no_label_signal,
ADDI2-0524,phenazopyridine,heparin,T2_moderate,no_label_signal,
ADDI2-0525,doxazosin,dalteparin,T2_moderate,no_label_signal,
ADDI2-0526,chlorpheniramine,sevelamer,T2_moderate,no_label_signal,
ADDI2-0527,fluoxetine,sevelamer,T2_moderate,no_label_signal,
ADDI2-0528,atenolol,zolmitriptan,T2_moderate,no_label_signal,
ADDI2-0529,conjugated estrogens,nabumetone,T2_moderate,no_label_signal,"regex false positive: 'conjugated metabolites', not the drug; verified by manual reading"
ADDI2-0530,paroxetine,sevelamer,T2_moderate,no_label_signal,
ADDI2-0531,dextromethorphan,pemetrexed,T2_moderate,no_label_signal,
ADDI2-0532,atenolol,atomoxetine,T2_moderate,no_label_signal,
ADDI2-0533,fenofibrate,ustekinumab,T2_moderate,no_label_signal,
ADDI2-0534,hydrocodone,pemetrexed,T2_moderate,no_label_signal,
ADDI2-0535,solifenacin,liraglutide,T2_moderate,no_label_signal,
ADDI2-0536,venlafaxine,sevelamer,T2_moderate,no_label_signal,
ADDI2-0537,atenolol,raltegravir,T2_moderate,no_label_signal,
ADDI2-0538,cefdinir,conjugated estrogens,T2_moderate,no_label_signal,
ADDI2-0539,levetiracetam,cinacalcet,T2_moderate,no_label_signal,
ADDI2-0540,sumatriptan,liraglutide,T2_moderate,no_label_signal,
ADDI2-0541,citalopram,pemetrexed,T2_moderate,no_label_signal,
ADDI2-0542,phenytoin,dalteparin,T2_moderate,no_label_signal,
ADDI2-0543,sitagliptin,dalteparin,T2_moderate,no_label_signal,
ADDI2-0544,penicillin v potassium,liraglutide,T2_moderate,no_label_signal,
ADDI2-0545,triamcinolone,sevelamer,T2_moderate,no_label_signal,
ADDI2-0546,triamterene,liraglutide,T2_moderate,no_label_signal,
ADDI2-0547,colchicine,liraglutide,T2_moderate,no_label_signal,
ADDI2-0548,sumatriptan,ustekinumab,T2_moderate,no_label_signal,
ADDI2-0549,dextromethorphan,nabumetone,T2_moderate,no_label_signal,
ADDI2-0550,levetiracetam,niacin,T2_moderate,no_label_signal,
ADDI2-0551,olanzapine,sevelamer,T2_moderate,no_label_signal,
ADDI2-0552,ropinirole,liraglutide,T2_moderate,no_label_signal,
ADDI2-0553,tizanidine,ustekinumab,T2_moderate,no_label_signal,
ADDI2-0554,dextromethorphan,alfuzosin,T2_moderate,no_label_signal,
ADDI2-0555,levetiracetam,atomoxetine,T2_moderate,no_label_signal,
ADDI2-0556,baclofen,ustekinumab,T2_moderate,no_label_signal,
ADDI2-0557,tizanidine,sevelamer,T2_moderate,no_label_signal,
ADDI2-0558,alprazolam,dalteparin,T2_moderate,no_label_signal,
ADDI2-0559,dextromethorphan,sevelamer,T2_moderate,no_label_signal,
ADDI2-0560,tetracycline,atenolol,T2_moderate,no_label_signal,
ADDI2-0561,valganciclovir,chlorpheniramine,T2_moderate,no_label_signal,
ADDI2-0562,risperidone,dalteparin,T2_moderate,no_label_signal,
ADDI2-0563,nortriptyline,liraglutide,T2_moderate,no_label_signal,
ADDI2-0564,ustekinumab,glimepiride,T2_moderate,no_label_signal,
ADDI2-0565,sevelamer,lovastatin,T2_moderate,no_label_signal,
ADDI2-0566,chlorpheniramine,zolmitriptan,T2_moderate,no_label_signal,
ADDI2-0567,conjugated estrogens,zolmitriptan,T2_moderate,no_label_signal,
ADDI2-0568,levetiracetam,eletriptan,T2_moderate,no_label_signal,
ADDI2-0569,sildenafil,dalteparin,T2_moderate,no_label_signal,
ADDI2-0570,nitrofurantoin,liraglutide,T2_moderate,no_label_signal,
ADDI2-0571,lamotrigine,dalteparin,T3_limited,no_label_signal,
ADDI2-0572,ustekinumab,ketoconazole,T3_limited,no_label_signal,
ADDI2-0573,sevelamer,pioglitazone,T3_limited,no_label_signal,
ADDI2-0574,baclofen,dalteparin,T3_limited,no_label_signal,
ADDI2-0575,buprenorphine,dalteparin,T3_limited,no_label_signal,
ADDI2-0576,conjugated estrogens,cefuroxime,T3_limited,no_label_signal,
ADDI2-0577,ropinirole,sevelamer,T3_limited,no_label_signal,
ADDI2-0578,doxazosin,ustekinumab,T3_limited,no_label_signal,
ADDI2-0579,levetiracetam,zolmitriptan,T3_limited,no_label_signal,
ADDI2-0580,ustekinumab,clarithromycin,T3_limited,no_label_signal,
ADDI2-0581,isosorbide,ustekinumab,T3_limited,no_label_signal,
ADDI2-0582,fenofibrate,sevelamer,T3_limited,no_label_signal,
ADDI2-0583,conjugated estrogens,moxifloxacin,T3_limited,no_label_signal,
ADDI2-0584,glipizide,ustekinumab,T3_limited,no_label_signal,
ADDI2-0585,nitrofurantoin,dalteparin,T3_limited,no_label_signal,
ADDI2-0586,raloxifene,levetiracetam,T3_limited,no_label_signal,
ADDI2-0587,levofloxacin,ustekinumab,T3_limited,no_label_signal,
ADDI2-0588,tetracycline,heparin,T3_limited,label_explicit_INTERACTION,"heparin sodium. to reduce the risk of bleeding, a reduction in the dose of antiplatelet agent or heparin is recommended. 7.3 other interactions digitalis, tetracyclines, nicotine or antihistamines may"
ADDI2-0589,baclofen,sevelamer,T3_limited,no_label_signal,
ADDI2-0590,cephalexin,ustekinumab,T3_limited,no_label_signal,
ADDI2-0591,dicyclomine,sevelamer,T3_limited,no_label_signal,
ADDI2-0592,metoclopramide,ustekinumab,T3_limited,no_label_signal,
ADDI2-0593,nortriptyline,ustekinumab,T3_limited,no_label_signal,
ADDI2-0594,ustekinumab,acyclovir,T3_limited,no_label_signal,
ADDI2-0595,methocarbamol,sevelamer,T3_limited,no_label_signal,
ADDI2-0596,risperidone,ustekinumab,T3_limited,no_label_signal,
ADDI2-0597,ustekinumab,finasteride,T3_limited,no_label_signal,
ADDI2-0598,memantine,heparin,T3_limited,no_label_signal,
ADDI2-0599,terazosin,sevelamer,T3_limited,no_label_signal,
ADDI2-0600,meloxicam,sevelamer,T3_limited,no_label_signal,
ADDI2-0601,cinacalcet,dalteparin,T3_limited,no_label_signal,
ADDI2-0602,ustekinumab,tadalafil,T3_limited,no_label_signal,
ADDI2-0603,colchicine,dalteparin,T3_limited,no_label_signal,
ADDI2-0604,cefdinir,liraglutide,T3_limited,no_label_signal,
ADDI2-0605,sevelamer,clarithromycin,T3_limited,no_label_signal,
ADDI2-0606,chlorpheniramine,raltegravir,T3_limited,no_label_signal,
ADDI2-0607,chlorpheniramine,penicillin v potassium,T3_limited,no_label_signal,
ADDI2-0608,heparin,raltegravir,T3_limited,no_label_signal,
ADDI2-0609,donepezil,sevelamer,T3_limited,no_label_signal,
ADDI2-0610,lamotrigine,sevelamer,T3_limited,no_label_signal,
ADDI2-0611,sevelamer,ketoconazole,T3_limited,no_label_signal,
ADDI2-0612,valproate,dalteparin,T3_limited,no_label_signal,
ADDI2-0613,hydrocodone,vardenafil,T3_limited,no_label_signal,
ADDI2-0614,sevelamer,gemfibrozil,T3_limited,no_label_signal,
ADDI2-0615,celecoxib,sevelamer,T3_limited,no_label_signal,
ADDI2-0616,penicillin v potassium,heparin,T3_limited,no_label_signal,
ADDI2-0617,valganciclovir,dextromethorphan,T3_limited,no_label_signal,
ADDI2-0618,nortriptyline,dalteparin,T3_limited,no_label_signal,
ADDI2-0619,valganciclovir,dalteparin,T3_limited,no_label_signal,
ADDI2-0620,raltegravir,sevelamer,T3_limited,no_label_signal,
ADDI2-0621,conjugated estrogens,ustekinumab,T3_limited,no_label_signal,
ADDI2-0622,methadone,liraglutide,T3_limited,no_label_signal,
ADDI2-0623,methylphenidate,ustekinumab,T3_limited,no_label_signal,
ADDI2-0624,nitrofurantoin,ustekinumab,T3_limited,no_label_signal,
ADDI2-0625,ustekinumab,pioglitazone,T3_limited,no_label_signal,
ADDI2-0626,moxifloxacin,dalteparin,T3_limited,no_label_signal,
ADDI2-0627,triamterene,ustekinumab,T3_limited,no_label_signal,
ADDI2-0628,cephalexin,dalteparin,T3_limited,no_label_signal,
ADDI2-0629,nortriptyline,sevelamer,T3_limited,no_label_signal,
ADDI2-0630,dextromethorphan,raltegravir,T3_limited,no_label_signal,
ADDI2-0631,imipramine,ustekinumab,T3_limited,no_label_signal,
ADDI2-0632,phenytoin,sevelamer,T3_limited,no_label_signal,
ADDI2-0633,risperidone,sevelamer,T3_limited,no_label_signal,
ADDI2-0634,heparin,zolmitriptan,T3_limited,no_label_signal,
ADDI2-0635,methadone,sevelamer,T3_limited,no_label_signal,
ADDI2-0636,sevelamer,perindopril,T3_limited,no_label_signal,
ADDI2-0637,haloperidol,sevelamer,T3_limited,no_label_signal,
ADDI2-0638,citalopram,penicillin v potassium,T3_limited,no_label_signal,
ADDI2-0639,dextromethorphan,entacapone,T3_limited,no_label_signal,
ADDI2-0640,hydralazine,dalteparin,T3_limited,no_label_signal,
ADDI2-0641,hydrocodone,dalteparin,T3_limited,no_label_signal,
ADDI2-0642,sevelamer,niacin,T3_limited,no_label_signal,
ADDI2-0643,sildenafil,ustekinumab,T3_limited,no_label_signal,
ADDI2-0644,cefdinir,sevelamer,T3_limited,no_label_signal,
ADDI2-0645,conjugated estrogens,emtricitabine,T3_limited,no_label_signal,
ADDI2-0646,conjugated estrogens,memantine,T3_limited,no_label_signal,
ADDI2-0647,clozapine,dalteparin,T3_limited,no_label_signal,
ADDI2-0648,donepezil,dalteparin,T3_limited,no_label_signal,
ADDI2-0649,dutasteride,dalteparin,T3_limited,no_label_signal,
ADDI2-0650,methadone,ustekinumab,T3_limited,no_label_signal,
ADDI2-0651,sevelamer,cefuroxime,T3_limited,no_label_signal,
ADDI2-0652,nabumetone,liraglutide,T3_limited,no_label_signal,
ADDI2-0653,oseltamivir,liraglutide,T3_limited,no_label_signal,
ADDI2-0654,oseltamivir,sevelamer,T3_limited,no_label_signal,
ADDI2-0655,solifenacin,ustekinumab,T3_limited,no_label_signal,
ADDI2-0656,tetracycline,levetiracetam,T3_limited,no_label_signal,
ADDI2-0657,ustekinumab,gemfibrozil,T3_limited,no_label_signal,
ADDI2-0658,dutasteride,sevelamer,T3_limited,no_label_signal,
ADDI2-0659,phenazopyridine,liraglutide,T3_limited,no_label_signal,
ADDI2-0660,sumatriptan,dalteparin,T3_limited,no_label_signal,
ADDI2-0661,olanzapine,ustekinumab,T3_limited,no_label_signal,
ADDI2-0662,sumatriptan,sevelamer,T3_limited,no_label_signal,
ADDI2-0663,dextromethorphan,penicillin v potassium,T3_limited,no_label_signal,
ADDI2-0664,ropinirole,ustekinumab,T3_limited,no_label_signal,
ADDI2-0665,buprenorphine,sevelamer,T3_limited,no_label_signal,
ADDI2-0666,hydralazine,ustekinumab,T3_limited,no_label_signal,
ADDI2-0667,conjugated estrogens,zaleplon,T3_limited,no_label_signal,
ADDI2-0668,memantine,dalteparin,T3_limited,no_label_signal,
ADDI2-0669,dutasteride,ustekinumab,T3_limited,no_label_signal,
ADDI2-0670,raltegravir,ustekinumab,T3_limited,no_label_signal,
ADDI2-0671,ustekinumab,cefuroxime,T3_limited,no_label_signal,
ADDI2-0672,conjugated estrogens,granisetron,T3_limited,no_label_signal,
ADDI2-0673,imipramine,heparin,T3_limited,no_label_signal,
ADDI2-0674,fenofibrate,dalteparin,T3_limited,no_label_signal,
ADDI2-0675,dextromethorphan,dalteparin,T3_limited,no_label_signal,
ADDI2-0676,levetiracetam,penicillin v potassium,T3_limited,no_label_signal,
ADDI2-0677,ustekinumab,niacin,T3_limited,no_label_signal,
ADDI2-0678,atenolol,gabapentin,T3_trivial_inert,no_label_signal,
ADDI2-0679,atenolol,pregabalin,T3_trivial_inert,no_label_signal,
ADDI2-0680,gabapentin,heparin,T3_trivial_inert,no_label_signal,
ADDI2-0681,ustekinumab,pregabalin,T3_trivial_inert,no_label_signal,
ADDI2-0682,gabapentin,liraglutide,T3_trivial_inert,no_label_signal,
ADDI2-0683,heparin,insulin glargine,T3_trivial_inert,no_label_signal,
ADDI2-0684,levetiracetam,insulin glargine,T3_trivial_inert,no_label_signal,
ADDI2-0685,heparin,pregabalin,T3_trivial_inert,no_label_signal,
ADDI2-0686,gabapentin,sevelamer,T3_trivial_inert,no_label_signal,
ADDI2-0687,atenolol,heparin,T3_trivial_inert,no_label_signal,
ADDI2-0688,heparin,levetiracetam,T3_trivial_inert,no_label_signal,
ADDI2-0689,insulin lispro,heparin,T3_trivial_inert,no_label_signal,
ADDI2-0690,atenolol,levetiracetam,T3_trivial_inert,no_label_signal,
ADDI2-0691,lactulose,heparin,T3_trivial_inert,no_label_signal,
ADDI2-0692,atenolol,lactulose,T3_trivial_inert,no_label_signal,
ADDI2-0693,pregabalin,liraglutide,T3_trivial_inert,no_label_signal,
ADDI2-0694,sevelamer,insulin glargine,T3_trivial_inert,no_label_signal,
ADDI2-0695,insulin lispro,levetiracetam,T3_trivial_inert,no_label_signal,
ADDI2-0696,gabapentin,dalteparin,T3_trivial_inert,no_label_signal,
ADDI2-0697,gabapentin,ustekinumab,T3_trivial_inert,no_label_signal,
ADDI2-0698,atenolol,liraglutide,T3_trivial_inert,no_label_signal,
ADDI2-0699,heparin,sevelamer,T3_trivial_inert,no_label_signal,
ADDI2-0700,lactulose,dalteparin,T3_trivial_inert,no_label_signal,
ADDI2-0701,sevelamer,pregabalin,T3_trivial_inert,no_label_signal,
ADDI2-0702,insulin lispro,sevelamer,T3_trivial_inert,no_label_signal,
ADDI2-0703,lactulose,sevelamer,T3_trivial_inert,no_label_signal,
ADDI2-0704,ustekinumab,insulin glargine,T3_trivial_inert,no_label_signal,
ADDI2-0705,levetiracetam,dalteparin,T3_trivial_inert,no_label_signal,
ADDI2-0706,atenolol,sevelamer,T3_trivial_inert,no_label_signal,
ADDI2-0707,insulin lispro,ustekinumab,T3_trivial_inert,no_label_signal,
ADDI2-0708,levetiracetam,sevelamer,T3_trivial_inert,no_label_signal,
ADDI2-0709,atenolol,dalteparin,T3_trivial_inert,no_label_signal,
ADDI2-0710,heparin,liraglutide,T3_trivial_inert,no_label_signal,
ADDI2-0711,insulin lispro,dalteparin,T3_trivial_inert,no_label_signal,
ADDI2-0712,lactulose,liraglutide,T3_trivial_inert,no_label_signal,
ADDI2-0713,levetiracetam,liraglutide,T3_trivial_inert,no_label_signal,
ADDI2-0714,emtricitabine,sevelamer,T3_trivial_inert,no_label_signal,
ADDI2-0715,levetiracetam,ustekinumab,T3_trivial_inert,no_label_signal,
ADDI2-0716,ustekinumab,liraglutide,T3_trivial_inert,no_label_signal,
ADDI2-0717,lactulose,ustekinumab,T3_trivial_inert,no_label_signal,
ADDI2-0718,heparin,ustekinumab,T3_trivial_inert,no_label_signal,
ADDI2-0719,sevelamer,dalteparin,T3_trivial_inert,no_label_signal,
ADDI2-0720,emtricitabine,ustekinumab,T3_trivial_inert,no_label_signal,
ADDI2-0721,sevelamer,liraglutide,T3_trivial_inert,no_label_signal,
ADDI2-0722,donepezil,ustekinumab,T4_uninformative,no_label_signal,
ADDI2-0723,ropinirole,dalteparin,T4_uninformative,no_label_signal,
ADDI2-0724,sevelamer,alfuzosin,T4_uninformative,no_label_signal,
ADDI2-0725,atomoxetine,liraglutide,T4_uninformative,no_label_signal,
ADDI2-0726,heparin,zaleplon,T4_uninformative,no_label_signal,
ADDI2-0727,methylphenidate,sevelamer,T4_uninformative,no_label_signal,
ADDI2-0728,nabumetone,ustekinumab,T4_uninformative,no_label_signal,
ADDI2-0729,oseltamivir,ustekinumab,T4_uninformative,no_label_signal,
ADDI2-0730,raltegravir,liraglutide,T4_uninformative,no_label_signal,
ADDI2-0731,sevelamer,granisetron,T4_uninformative,no_label_signal,
ADDI2-0732,solifenacin,sevelamer,T4_uninformative,no_label_signal,
ADDI2-0733,cefdinir,ustekinumab,T4_uninformative,no_label_signal,
ADDI2-0734,tetracycline,liraglutide,T4_uninformative,no_label_signal,
ADDI2-0735,valproate,ustekinumab,T4_uninformative,no_label_signal,
ADDI2-0736,conjugated estrogens,sevelamer,T4_uninformative,no_label_signal,
ADDI2-0737,glipizide,dalteparin,T4_uninformative,no_label_signal,
ADDI2-0738,raltegravir,dalteparin,T4_uninformative,no_label_signal,
ADDI2-0739,eletriptan,ustekinumab,T4_uninformative,no_label_signal,
ADDI2-0740,tetracycline,dalteparin,T4_uninformative,no_label_signal,
ADDI2-0741,phenazopyridine,sevelamer,T4_uninformative,no_label_signal,
ADDI2-0742,terazosin,dalteparin,T4_uninformative,no_label_signal,
ADDI2-0743,clozapine,sevelamer,T4_uninformative,no_label_signal,
ADDI2-0744,memantine,liraglutide,T4_uninformative,no_label_signal,
ADDI2-0745,ustekinumab,zolmitriptan,T4_uninformative,no_label_signal,
ADDI2-0746,valganciclovir,conjugated estrogens,T4_uninformative,no_label_signal,
ADDI2-0747,penicillin v potassium,dalteparin,T4_uninformative,no_label_signal,
ADDI2-0748,ustekinumab,fluvoxamine,T4_uninformative,no_label_signal,
ADDI2-0749,valganciclovir,ustekinumab,T4_uninformative,no_label_signal,
ADDI2-0750,haloperidol,ustekinumab,T4_uninformative,no_label_signal,
ADDI2-0751,benztropine,ustekinumab,T4_uninformative,no_label_signal,
ADDI2-0752,clozapine,ustekinumab,T4_uninformative,no_label_signal,
ADDI2-0753,dicyclomine,dalteparin,T4_uninformative,no_label_signal,
ADDI2-0754,memantine,sevelamer,T4_uninformative,no_label_signal,
ADDI2-0755,nabumetone,sevelamer,T4_uninformative,no_label_signal,
ADDI2-0756,terazosin,ustekinumab,T4_uninformative,no_label_signal,
ADDI2-0757,ustekinumab,alfuzosin,T4_uninformative,no_label_signal,
ADDI2-0758,conjugated estrogens,dalteparin,T4_uninformative,no_label_signal,
ADDI2-0759,conjugated estrogens,raltegravir,T4_uninformative,no_label_signal,
ADDI2-0760,liraglutide,zaleplon,T4_uninformative,no_label_signal,
ADDI2-0761,tetracycline,sevelamer,T4_uninformative,no_label_signal,
ADDI2-0762,valproate,sevelamer,T4_uninformative,no_label_signal,
ADDI2-0763,entacapone,dalteparin,T4_uninformative,no_label_signal,
ADDI2-0764,ustekinumab,zaleplon,T4_uninformative,no_label_signal,
ADDI2-0765,valganciclovir,liraglutide,T4_uninformative,no_label_signal,
ADDI2-0766,zolmitriptan,liraglutide,T4_uninformative,no_label_signal,
ADDI2-0767,benztropine,sevelamer,T4_uninformative,no_label_signal,
ADDI2-0768,memantine,ustekinumab,T4_uninformative,no_label_signal,
ADDI2-0769,penicillin v potassium,sevelamer,T4_uninformative,no_label_signal,
ADDI2-0770,raloxifene,sevelamer,T4_uninformative,no_label_signal,
ADDI2-0771,raloxifene,ustekinumab,T4_uninformative,no_label_signal,
ADDI2-0772,sevelamer,zaleplon,T4_uninformative,no_label_signal,
ADDI2-0773,atomoxetine,dalteparin,T4_uninformative,no_label_signal,
ADDI2-0774,imipramine,liraglutide,T4_uninformative,no_label_signal,
ADDI2-0775,liraglutide,granisetron,T4_uninformative,no_label_signal,
ADDI2-0776,benztropine,dalteparin,T4_uninformative,no_label_signal,
ADDI2-0777,eletriptan,sevelamer,T4_uninformative,no_label_signal,
ADDI2-0778,phenazopyridine,dalteparin,T4_uninformative,no_label_signal,
ADDI2-0779,ustekinumab,granisetron,T4_uninformative,no_label_signal,
ADDI2-0780,atomoxetine,sevelamer,T4_uninformative,no_label_signal,
ADDI2-0781,cefdinir,dalteparin,T4_uninformative,no_label_signal,
ADDI2-0782,methocarbamol,dalteparin,T4_uninformative,no_label_signal,
ADDI2-0783,raloxifene,dalteparin,T4_uninformative,no_label_signal,
ADDI2-0784,sevelamer,fluvoxamine,T4_uninformative,no_label_signal,
ADDI2-0785,sevelamer,zolmitriptan,T4_uninformative,no_label_signal,
ADDI2-0786,ustekinumab,sevelamer,T4_uninformative,no_label_signal,
ADDI2-0787,vardenafil,levetiracetam,T4_uninformative,no_label_signal,
ADDI2-0788,cinacalcet,ustekinumab,T4_uninformative,no_label_signal,
ADDI2-0789,entacapone,liraglutide,T4_uninformative,no_label_signal,
ADDI2-0790,entacapone,sevelamer,T4_uninformative,no_label_signal,
ADDI2-0791,imipramine,sevelamer,T4_uninformative,no_label_signal,
ADDI2-0792,penicillin v potassium,ustekinumab,T4_uninformative,no_label_signal,
ADDI2-0793,vardenafil,dalteparin,T4_uninformative,no_label_signal,
ADDI2-0794,vardenafil,sevelamer,T4_uninformative,no_label_signal,
ADDI2-0795,entacapone,ustekinumab,T4_uninformative,no_label_signal,
ADDI2-0796,imipramine,dalteparin,T4_uninformative,no_label_signal,
ADDI2-0797,vardenafil,ustekinumab,T4_uninformative,no_label_signal,
